ticker,cik,quarter_end,year,quarter,shares,report_date,form_type,xbrl_field
AAPL,320193,2013-09-30,2013,3,899213000,2013-09-28,10-K,CommonStockSharesOutstanding
AAPL,320193,2013-12-31,2013,4,892447000,2013-12-28,10-Q,CommonStockSharesOutstanding
AAPL,320193,2014-03-31,2014,1,861745000,2014-03-29,10-Q,CommonStockSharesOutstanding
AAPL,320193,2014-06-30,2014,2,5989171000,2014-06-28,10-Q,CommonStockSharesOutstanding
AAPL,320193,2014-09-30,2014,3,5866161000,2014-09-27,10-K,CommonStockSharesOutstanding
AAPL,320193,2014-12-31,2014,4,5826419000,2014-12-27,10-Q,CommonStockSharesOutstanding
AAPL,320193,2015-03-31,2015,1,5762278000,2015-03-28,10-Q,CommonStockSharesOutstanding
AAPL,320193,2015-06-30,2015,2,5705400000,2015-06-27,10-Q,CommonStockSharesOutstanding
AAPL,320193,2015-09-30,2015,3,5578753000,2015-09-26,10-K,CommonStockSharesOutstanding
AAPL,320193,2015-12-31,2015,4,5544487000,2015-12-26,10-Q,CommonStockSharesOutstanding
AAPL,320193,2016-03-31,2016,1,5478446000,2016-03-26,10-Q,CommonStockSharesOutstanding
AAPL,320193,2016-06-30,2016,2,5393165000,2016-06-25,10-Q,CommonStockSharesOutstanding
AAPL,320193,2016-09-30,2016,3,5336166000,2016-09-24,10-K,CommonStockSharesOutstanding
AAPL,320193,2016-12-31,2016,4,5255423000,2016-12-31,10-Q,CommonStockSharesOutstanding
AAPL,320193,2017-03-31,2017,1,5205815000,2017-04-01,10-Q,CommonStockSharesOutstanding
AAPL,320193,2017-06-30,2017,2,5169782000,2017-07-01,10-Q,CommonStockSharesOutstanding
AAPL,320193,2017-09-30,2017,3,5126201000,2017-09-30,10-K,CommonStockSharesOutstanding
AAPL,320193,2017-12-31,2017,4,5081651000,2017-12-30,10-Q,CommonStockSharesOutstanding
AAPL,320193,2018-03-31,2018,1,4943282000,2018-03-31,10-Q,CommonStockSharesOutstanding
AAPL,320193,2018-06-30,2018,2,4842917000,2018-06-30,10-Q,CommonStockSharesOutstanding
AAPL,320193,2018-09-30,2018,3,4754986000,2018-09-29,10-K,CommonStockSharesOutstanding
AAPL,320193,2018-12-31,2018,4,4729803000,2018-12-29,10-Q,CommonStockSharesOutstanding
AAPL,320193,2019-03-31,2019,1,4607284000,2019-03-30,10-Q,CommonStockSharesOutstanding
AAPL,320193,2019-06-30,2019,2,4531395000,2019-06-29,10-Q,CommonStockSharesOutstanding
AAPL,320193,2019-09-30,2019,3,4443236000,2019-09-28,10-K,CommonStockSharesOutstanding
AAPL,320193,2019-12-31,2019,4,4384959000,2019-12-28,10-Q,CommonStockSharesOutstanding
AAPL,320193,2020-03-31,2020,1,4323987000,2020-03-28,10-Q,CommonStockSharesOutstanding
AAPL,320193,2020-06-30,2020,2,4283939000,2020-06-27,10-Q,CommonStockSharesOutstanding
AAPL,320193,2020-09-30,2020,3,16976763000,2020-09-26,10-K,CommonStockSharesOutstanding
AAPL,320193,2020-12-31,2020,4,16823263000,2020-12-26,10-Q,CommonStockSharesOutstanding
AAPL,320193,2021-03-31,2021,1,16686305000,2021-03-27,10-Q,CommonStockSharesOutstanding
AAPL,320193,2021-06-30,2021,2,16556942000,2021-06-26,10-Q,CommonStockSharesOutstanding
AAPL,320193,2021-09-30,2021,3,16426786000,2021-09-25,10-K,CommonStockSharesOutstanding
AAPL,320193,2021-12-31,2021,4,16340851000,2021-12-25,10-Q,CommonStockSharesOutstanding
AAPL,320193,2022-03-31,2022,1,16207568000,2022-03-26,10-Q,CommonStockSharesOutstanding
AAPL,320193,2022-06-30,2022,2,16095378000,2022-06-25,10-Q,CommonStockSharesOutstanding
AAPL,320193,2022-09-30,2022,3,15943425000,2022-09-24,10-K,CommonStockSharesOutstanding
AAPL,320193,2022-12-31,2022,4,15842407000,2022-12-31,10-Q,CommonStockSharesOutstanding
AAPL,320193,2023-03-31,2023,1,15723406000,2023-04-01,10-Q,CommonStockSharesOutstanding
AAPL,320193,2023-06-30,2023,2,15647868000,2023-07-01,10-Q,CommonStockSharesOutstanding
AAPL,320193,2023-09-30,2023,3,15550061000,2023-09-30,10-K,CommonStockSharesOutstanding
AAPL,320193,2023-12-31,2023,4,15460223000,2023-12-30,10-Q,CommonStockSharesOutstanding
AAPL,320193,2024-03-31,2024,1,15337686000,2024-03-30,10-Q,CommonStockSharesOutstanding
AAPL,320193,2024-06-30,2024,2,15222259000,2024-06-29,10-Q,CommonStockSharesOutstanding
AAPL,320193,2024-09-30,2024,3,15116786000,2024-09-28,10-K,CommonStockSharesOutstanding
AAPL,320193,2024-12-31,2024,4,15040731000,2024-12-28,10-Q,CommonStockSharesOutstanding
AAPL,320193,2025-03-31,2025,1,14939315000,2025-03-29,10-Q,CommonStockSharesOutstanding
AAPL,320193,2025-06-30,2025,2,14856722000,2025-06-28,10-Q,CommonStockSharesOutstanding
AAPL,320193,2025-09-30,2025,3,14773260000,2025-09-27,10-K,CommonStockSharesOutstanding
AAPL,320193,2025-12-31,2025,4,14702703000,2025-12-27,10-Q,CommonStockSharesOutstanding
MSFT,789019,2013-09-30,2013,3,8346000000,2013-09-30,10-Q,CommonStockSharesOutstanding
MSFT,789019,2013-12-31,2013,4,8300000000,2013-12-31,10-Q,CommonStockSharesOutstanding
MSFT,789019,2014-03-31,2014,1,8260000000,2014-03-31,10-Q,CommonStockSharesOutstanding
MSFT,789019,2014-06-30,2014,2,8239000000,2014-06-30,10-K,CommonStockSharesOutstanding
MSFT,789019,2014-09-30,2014,3,8255000000,2014-09-30,10-Q,CommonStockSharesOutstanding
MSFT,789019,2014-12-31,2014,4,8218000000,2014-12-31,10-Q,CommonStockSharesOutstanding
MSFT,789019,2015-03-31,2015,1,8113000000,2015-03-31,10-Q,CommonStockSharesOutstanding
MSFT,789019,2015-06-30,2015,2,8027000000,2015-06-30,10-K,CommonStockSharesOutstanding
MSFT,789019,2015-09-30,2015,3,7986000000,2015-09-30,10-Q,CommonStockSharesOutstanding
MSFT,789019,2015-12-31,2015,4,7925000000,2015-12-31,10-Q,CommonStockSharesOutstanding
MSFT,789019,2016-03-31,2016,1,7870000000,2016-03-31,10-Q,CommonStockSharesOutstanding
MSFT,789019,2016-06-30,2016,2,7808000000,2016-06-30,10-K,CommonStockSharesOutstanding
MSFT,789019,2016-09-30,2016,3,7784000000,2016-09-30,10-Q,CommonStockSharesOutstanding
MSFT,789019,2016-12-31,2016,4,7730000000,2016-12-31,10-Q,CommonStockSharesOutstanding
MSFT,789019,2017-03-31,2017,1,7723000000,2017-03-31,10-Q,CommonStockSharesOutstanding
MSFT,789019,2017-06-30,2017,2,7708000000,2017-06-30,10-K,CommonStockSharesOutstanding
MSFT,789019,2017-09-30,2017,3,7720000000,2017-09-30,10-Q,CommonStockSharesOutstanding
MSFT,789019,2017-12-31,2017,4,7705000000,2017-12-31,10-Q,CommonStockSharesOutstanding
MSFT,789019,2018-03-31,2018,1,7690000000,2018-03-31,10-Q,CommonStockSharesOutstanding
MSFT,789019,2018-06-30,2018,2,7677000000,2018-06-30,10-K,CommonStockSharesOutstanding
MSFT,789019,2018-09-30,2018,3,7680000000,2018-09-30,10-Q,CommonStockSharesOutstanding
MSFT,789019,2018-12-31,2018,4,7683000000,2018-12-31,10-Q,CommonStockSharesOutstanding
MSFT,789019,2019-03-31,2019,1,7666000000,2019-03-31,10-Q,CommonStockSharesOutstanding
MSFT,789019,2019-06-30,2019,2,7643000000,2019-06-30,10-K,CommonStockSharesOutstanding
MSFT,789019,2019-09-30,2019,3,7634000000,2019-09-30,10-Q,CommonStockSharesOutstanding
MSFT,789019,2019-12-31,2019,4,7611000000,2019-12-31,10-Q,CommonStockSharesOutstanding
MSFT,789019,2020-03-31,2020,1,7590000000,2020-03-31,10-Q,CommonStockSharesOutstanding
MSFT,789019,2020-06-30,2020,2,7571000000,2020-06-30,10-K,CommonStockSharesOutstanding
MSFT,789019,2020-09-30,2020,3,7564000000,2020-09-30,10-Q,CommonStockSharesOutstanding
MSFT,789019,2020-12-31,2020,4,7546000000,2020-12-31,10-Q,CommonStockSharesOutstanding
MSFT,789019,2021-03-31,2021,1,7534000000,2021-03-31,10-Q,CommonStockSharesOutstanding
MSFT,789019,2021-06-30,2021,2,7519000000,2021-06-30,10-K,CommonStockSharesOutstanding
MSFT,789019,2021-09-30,2021,3,7510000000,2021-09-30,10-Q,CommonStockSharesOutstanding
MSFT,789019,2021-12-31,2021,4,7500000000,2021-12-31,10-Q,CommonStockSharesOutstanding
MSFT,789019,2022-03-31,2022,1,7483000000,2022-03-31,10-Q,CommonStockSharesOutstanding
MSFT,789019,2022-06-30,2022,2,7464000000,2022-06-30,10-K,CommonStockSharesOutstanding
MSFT,789019,2022-09-30,2022,3,7457000000,2022-09-30,10-Q,CommonStockSharesOutstanding
MSFT,789019,2022-12-31,2022,4,7447000000,2022-12-31,10-Q,CommonStockSharesOutstanding
MSFT,789019,2023-03-31,2023,1,7437000000,2023-03-31,10-Q,CommonStockSharesOutstanding
MSFT,789019,2023-06-30,2023,2,7432000000,2023-06-30,10-K,CommonStockSharesOutstanding
MSFT,789019,2023-09-30,2023,3,7431000000,2023-09-30,10-Q,CommonStockSharesOutstanding
MSFT,789019,2023-12-31,2023,4,7432000000,2023-12-31,10-Q,CommonStockSharesOutstanding
MSFT,789019,2024-03-31,2024,1,7433000000,2024-03-31,10-Q,CommonStockSharesOutstanding
MSFT,789019,2024-06-30,2024,2,7434000000,2024-06-30,10-K,CommonStockSharesOutstanding
MSFT,789019,2024-09-30,2024,3,7436000000,2024-09-30,10-Q,CommonStockSharesOutstanding
MSFT,789019,2024-12-31,2024,4,7435000000,2024-12-31,10-Q,CommonStockSharesOutstanding
MSFT,789019,2025-03-31,2025,1,7434000000,2025-03-31,10-Q,CommonStockSharesOutstanding
MSFT,789019,2025-06-30,2025,2,7434000000,2025-06-30,10-K,CommonStockSharesOutstanding
MSFT,789019,2025-09-30,2025,3,7434000000,2025-09-30,10-Q,CommonStockSharesOutstanding
MSFT,789019,2025-12-31,2025,4,7429000000,2025-12-31,10-Q,CommonStockSharesOutstanding
AAL,6201,2013-09-30,2013,3,335000000,2013-09-30,10-Q,WeightedAverageNumberOfSharesOutstandingBasic
AAL,6201,2013-12-31,2013,4,261069000,2013-12-31,10-K,CommonStockSharesOutstanding
AAL,6201,2014-03-31,2014,1,649953273,2014-03-31,10-Q,CommonStockSharesOutstanding
AAL,6201,2014-06-30,2014,2,720501649,2014-06-30,10-Q,CommonStockSharesOutstanding
AAL,6201,2014-09-30,2014,3,717257567,2014-09-30,10-Q,CommonStockSharesOutstanding
AAL,6201,2014-12-31,2014,4,697474535,2014-12-31,10-K,CommonStockSharesOutstanding
AAL,6201,2015-03-31,2015,1,693800651,2015-03-31,10-Q,CommonStockSharesOutstanding
AAL,6201,2015-06-30,2015,2,678288983,2015-06-30,10-Q,CommonStockSharesOutstanding
AAL,6201,2015-09-30,2015,3,640107543,2015-09-30,10-Q,CommonStockSharesOutstanding
AAL,6201,2015-12-31,2015,4,624622381,2015-12-31,10-K,CommonStockSharesOutstanding
AAL,6201,2016-03-31,2016,1,585658329,2016-03-31,10-Q,CommonStockSharesOutstanding
AAL,6201,2016-06-30,2016,2,537141492,2016-06-30,10-Q,CommonStockSharesOutstanding
AAL,6201,2016-09-30,2016,3,519161253,2016-09-30,10-Q,CommonStockSharesOutstanding
AAL,6201,2016-12-31,2016,4,507294153,2016-12-31,10-K,CommonStockSharesOutstanding
AAL,6201,2017-03-31,2017,1,495749816,2017-03-31,10-Q,CommonStockSharesOutstanding
AAL,6201,2017-06-30,2017,2,487661923,2017-06-30,10-Q,CommonStockSharesOutstanding
AAL,6201,2017-09-30,2017,3,479999894,2017-09-30,10-Q,CommonStockSharesOutstanding
AAL,6201,2017-12-31,2017,4,475507887,2017-12-31,10-K,CommonStockSharesOutstanding
AAL,6201,2018-03-31,2018,1,467390481,2018-03-31,10-Q,CommonStockSharesOutstanding
AAL,6201,2018-06-30,2018,2,460502096,2018-06-30,10-Q,CommonStockSharesOutstanding
AAL,6201,2018-09-30,2018,3,460559470,2018-09-30,10-Q,CommonStockSharesOutstanding
AAL,6201,2018-12-31,2018,4,460610870,2018-12-31,10-K,CommonStockSharesOutstanding
AAL,6201,2019-03-31,2019,1,444216229,2019-03-31,10-Q,CommonStockSharesOutstanding
AAL,6201,2019-06-30,2019,2,445262351,2019-06-30,10-Q,CommonStockSharesOutstanding
AAL,6201,2019-09-30,2019,3,438035288,2019-09-30,10-Q,CommonStockSharesOutstanding
AAL,6201,2019-12-31,2019,4,428202506,2019-12-31,10-K,CommonStockSharesOutstanding
AAL,6201,2020-03-31,2020,1,422886533,2020-03-31,10-Q,CommonStockSharesOutstanding
AAL,6201,2020-06-30,2020,2,508556154,2020-06-30,10-Q,CommonStockSharesOutstanding
AAL,6201,2020-09-30,2020,3,508603895,2020-09-30,10-Q,CommonStockSharesOutstanding
AAL,6201,2020-12-31,2020,4,621479522,2020-12-31,10-K,CommonStockSharesOutstanding
AAL,6201,2021-03-31,2021,1,641374475,2021-03-31,10-Q,CommonStockSharesOutstanding
AAL,6201,2021-06-30,2021,2,647446499,2021-06-30,10-Q,CommonStockSharesOutstanding
AAL,6201,2021-09-30,2021,3,647477469,2021-09-30,10-Q,CommonStockSharesOutstanding
AAL,6201,2021-12-31,2021,4,647727595,2021-12-31,10-K,CommonStockSharesOutstanding
AAL,6201,2022-03-31,2022,1,649497768,2022-03-31,10-Q,CommonStockSharesOutstanding
AAL,6201,2022-06-30,2022,2,649779361,2022-06-30,10-Q,CommonStockSharesOutstanding
AAL,6201,2022-09-30,2022,3,649863026,2022-09-30,10-Q,CommonStockSharesOutstanding
AAL,6201,2022-12-31,2022,4,650642461,2022-12-31,10-K,CommonStockSharesOutstanding
AAL,6201,2023-03-31,2023,1,652817674,2023-03-31,10-Q,CommonStockSharesOutstanding
AAL,6201,2023-06-30,2023,2,653286761,2023-06-30,10-Q,CommonStockSharesOutstanding
AAL,6201,2023-09-30,2023,3,653504063,2023-09-30,10-Q,CommonStockSharesOutstanding
AAL,6201,2023-12-31,2023,4,654273192,2023-12-31,10-K,CommonStockSharesOutstanding
AAL,6201,2024-03-31,2024,1,656045635,2024-03-31,10-Q,CommonStockSharesOutstanding
AAL,6201,2024-06-30,2024,2,656607802,2024-06-30,10-Q,CommonStockSharesOutstanding
AAL,6201,2024-09-30,2024,3,657102842,2024-09-30,10-Q,CommonStockSharesOutstanding
AAL,6201,2024-12-31,2024,4,657566166,2024-12-31,10-K,CommonStockSharesOutstanding
AAL,6201,2025-03-31,2025,1,659481003,2025-03-31,10-Q,CommonStockSharesOutstanding
AAL,6201,2025-06-30,2025,2,659797256,2025-06-30,10-Q,CommonStockSharesOutstanding
AAL,6201,2025-09-30,2025,3,660064930,2025-09-30,10-Q,CommonStockSharesOutstanding
AAL,6201,2025-12-31,2025,4,660301080,2025-12-31,10-K,CommonStockSharesOutstanding
DAL,27904,2013-09-30,2013,3,855545884,2013-09-30,10-Q,EntityCommonStockSharesOutstanding
DAL,27904,2013-12-31,2013,4,849000000,2013-12-31,10-K,WeightedAverageNumberOfSharesOutstandingBasic
DAL,27904,2014-03-31,2014,1,848014088,2014-03-31,10-Q,EntityCommonStockSharesOutstanding
DAL,27904,2014-06-30,2014,2,843005966,2014-06-30,10-Q,EntityCommonStockSharesOutstanding
DAL,27904,2014-09-30,2014,3,836941362,2014-09-30,10-Q,EntityCommonStockSharesOutstanding
DAL,27904,2014-12-31,2014,4,836000000,2014-12-31,10-K,WeightedAverageNumberOfSharesOutstandingBasic
DAL,27904,2015-03-31,2015,1,816296778,2015-03-31,10-Q,EntityCommonStockSharesOutstanding
DAL,27904,2015-06-30,2015,2,795398332,2015-06-30,10-Q,EntityCommonStockSharesOutstanding
DAL,27904,2015-09-30,2015,3,786473621,2015-09-30,10-Q,EntityCommonStockSharesOutstanding
DAL,27904,2015-12-31,2015,4,797000000,2015-12-31,10-K,WeightedAverageNumberOfSharesOutstandingBasic
DAL,27904,2016-03-31,2016,1,771581440,2016-03-31,10-Q,EntityCommonStockSharesOutstanding
DAL,27904,2016-06-30,2016,2,748907678,2016-06-30,10-Q,EntityCommonStockSharesOutstanding
DAL,27904,2016-09-30,2016,3,736384650,2016-09-30,10-Q,EntityCommonStockSharesOutstanding
DAL,27904,2016-12-31,2016,4,751000000,2016-12-31,10-K,WeightedAverageNumberOfSharesOutstandingBasic
DAL,27904,2017-03-31,2017,1,735530413,2017-03-31,10-Q,EntityCommonStockSharesOutstanding
DAL,27904,2017-06-30,2017,2,724030218,2017-06-30,10-Q,EntityCommonStockSharesOutstanding
DAL,27904,2017-09-30,2017,3,712973139,2017-09-30,10-Q,EntityCommonStockSharesOutstanding
DAL,27904,2017-12-31,2017,4,720000000,2017-12-31,10-K,WeightedAverageNumberOfSharesOutstandingBasic
DAL,27904,2018-03-31,2018,1,702478205,2018-03-31,10-Q,EntityCommonStockSharesOutstanding
DAL,27904,2018-06-30,2018,2,691331319,2018-06-30,10-Q,EntityCommonStockSharesOutstanding
DAL,27904,2018-09-30,2018,3,685618701,2018-09-30,10-Q,EntityCommonStockSharesOutstanding
DAL,27904,2018-12-31,2018,4,691000000,2018-12-31,10-K,WeightedAverageNumberOfSharesOutstandingBasic
DAL,27904,2019-03-31,2019,1,654996477,2019-03-31,10-Q,EntityCommonStockSharesOutstanding
DAL,27904,2019-06-30,2019,2,650200617,2019-06-30,10-Q,EntityCommonStockSharesOutstanding
DAL,27904,2019-09-30,2019,3,646742854,2019-09-30,10-Q,EntityCommonStockSharesOutstanding
DAL,27904,2019-12-31,2019,4,651000000,2019-12-31,10-K,WeightedAverageNumberOfSharesOutstandingBasic
DAL,27904,2020-03-31,2020,1,637836206,2020-03-31,10-Q,EntityCommonStockSharesOutstanding
DAL,27904,2020-06-30,2020,2,637856746,2020-06-30,10-Q,EntityCommonStockSharesOutstanding
DAL,27904,2020-09-30,2020,3,637734301,2020-09-30,10-Q,EntityCommonStockSharesOutstanding
DAL,27904,2020-12-31,2020,4,636000000,2020-12-31,10-K,WeightedAverageNumberOfSharesOutstandingBasic
DAL,27904,2021-03-31,2021,1,639661387,2021-03-31,10-Q,EntityCommonStockSharesOutstanding
DAL,27904,2021-06-30,2021,2,639914878,2021-06-30,10-Q,EntityCommonStockSharesOutstanding
DAL,27904,2021-09-30,2021,3,640013818,2021-09-30,10-Q,EntityCommonStockSharesOutstanding
DAL,27904,2021-12-31,2021,4,636000000,2021-12-31,10-K,WeightedAverageNumberOfSharesOutstandingBasic
DAL,27904,2022-03-31,2022,1,641076463,2022-03-31,10-Q,EntityCommonStockSharesOutstanding
DAL,27904,2022-06-30,2022,2,641197918,2022-06-30,10-Q,EntityCommonStockSharesOutstanding
DAL,27904,2022-09-30,2022,3,641188362,2022-09-30,10-Q,EntityCommonStockSharesOutstanding
DAL,27904,2022-12-31,2022,4,638000000,2022-12-31,10-K,WeightedAverageNumberOfSharesOutstandingBasic
DAL,27904,2023-03-31,2023,1,642716623,2023-03-31,10-Q,EntityCommonStockSharesOutstanding
DAL,27904,2023-06-30,2023,2,643418375,2023-06-30,10-Q,EntityCommonStockSharesOutstanding
DAL,27904,2023-09-30,2023,3,643463433,2023-09-30,10-Q,EntityCommonStockSharesOutstanding
DAL,27904,2023-12-31,2023,4,639000000,2023-12-31,10-K,WeightedAverageNumberOfSharesOutstandingBasic
DAL,27904,2024-03-31,2024,1,645312283,2024-03-31,10-Q,EntityCommonStockSharesOutstanding
DAL,27904,2024-06-30,2024,2,645419328,2024-06-30,10-Q,EntityCommonStockSharesOutstanding
DAL,27904,2024-09-30,2024,3,645281221,2024-09-30,10-Q,EntityCommonStockSharesOutstanding
DAL,27904,2024-12-31,2024,4,641000000,2024-12-31,10-K,WeightedAverageNumberOfSharesOutstandingBasic
DAL,27904,2025-03-31,2025,1,652955169,2025-03-31,10-Q,EntityCommonStockSharesOutstanding
DAL,27904,2025-06-30,2025,2,652948402,2025-06-30,10-Q,EntityCommonStockSharesOutstanding
DAL,27904,2025-09-30,2025,3,652962768,2025-09-30,10-Q,EntityCommonStockSharesOutstanding
DAL,27904,2025-12-31,2025,4,648000000,2025-12-31,10-K,WeightedAverageNumberOfSharesOutstandingBasic
JPM,19617,2013-09-30,2013,3,3759189280,2013-09-30,10-Q,EntityCommonStockSharesOutstanding
JPM,19617,2013-12-31,2013,4,3756100000,2013-12-31,10-K,CommonStockSharesOutstanding
JPM,19617,2014-03-31,2014,1,3784712771,2014-03-31,10-Q,EntityCommonStockSharesOutstanding
JPM,19617,2014-06-30,2014,2,3761280910,2014-06-30,10-Q,EntityCommonStockSharesOutstanding
JPM,19617,2014-09-30,2014,3,3738188746,2014-09-30,10-Q,EntityCommonStockSharesOutstanding
JPM,19617,2014-12-31,2014,4,3714800000,2014-12-31,10-K,CommonStockSharesOutstanding
JPM,19617,2015-03-31,2015,1,3711087151,2015-03-31,10-Q,EntityCommonStockSharesOutstanding
JPM,19617,2015-06-30,2015,2,3698067361,2015-06-30,10-Q,EntityCommonStockSharesOutstanding
JPM,19617,2015-09-30,2015,3,3681129777,2015-09-30,10-Q,EntityCommonStockSharesOutstanding
JPM,19617,2015-12-31,2015,4,3663500000,2015-12-31,10-K,CommonStockSharesOutstanding
JPM,19617,2016-03-31,2016,1,3656658925,2016-03-31,10-Q,EntityCommonStockSharesOutstanding
JPM,19617,2016-06-30,2016,2,3611982360,2016-06-30,10-Q,EntityCommonStockSharesOutstanding
JPM,19617,2016-09-30,2016,3,3578264278,2016-09-30,10-Q,EntityCommonStockSharesOutstanding
JPM,19617,2016-12-31,2016,4,3561200000,2016-12-31,10-K,CommonStockSharesOutstanding
JPM,19617,2017-03-31,2017,1,3552803801,2017-03-31,10-Q,EntityCommonStockSharesOutstanding
JPM,19617,2017-06-30,2017,2,3518964410,2017-06-30,10-Q,EntityCommonStockSharesOutstanding
JPM,19617,2017-09-30,2017,3,3469725577,2017-09-30,10-Q,EntityCommonStockSharesOutstanding
JPM,19617,2017-12-31,2017,4,3425300000,2017-12-31,10-K,CommonStockSharesOutstanding
JPM,19617,2018-03-31,2018,1,3404776922,2018-03-31,10-Q,EntityCommonStockSharesOutstanding
JPM,19617,2018-06-30,2018,2,3360884107,2018-06-30,10-Q,EntityCommonStockSharesOutstanding
JPM,19617,2018-09-30,2018,3,3325410725,2018-09-30,10-Q,EntityCommonStockSharesOutstanding
JPM,19617,2018-12-31,2018,4,3275800000,2018-12-31,10-K,CommonStockSharesOutstanding
JPM,19617,2019-03-31,2019,1,3243972971,2019-03-31,10-Q,EntityCommonStockSharesOutstanding
JPM,19617,2019-06-30,2019,2,3197484989,2019-06-30,10-Q,EntityCommonStockSharesOutstanding
JPM,19617,2019-09-30,2019,3,3136484924,2019-09-30,10-Q,EntityCommonStockSharesOutstanding
JPM,19617,2019-12-31,2019,4,3084000000,2019-12-31,10-K,CommonStockSharesOutstanding
JPM,19617,2020-03-31,2020,1,3047022877,2020-03-31,10-Q,EntityCommonStockSharesOutstanding
JPM,19617,2020-06-30,2020,2,3047604487,2020-06-30,10-Q,EntityCommonStockSharesOutstanding
JPM,19617,2020-09-30,2020,3,3048203063,2020-09-30,10-Q,EntityCommonStockSharesOutstanding
JPM,19617,2020-12-31,2020,4,3049400000,2020-12-31,10-K,CommonStockSharesOutstanding
JPM,19617,2021-03-31,2021,1,3027128112,2021-03-31,10-Q,EntityCommonStockSharesOutstanding
JPM,19617,2021-06-30,2021,2,2988155355,2021-06-30,10-Q,EntityCommonStockSharesOutstanding
JPM,19617,2021-09-30,2021,3,2955266061,2021-09-30,10-Q,EntityCommonStockSharesOutstanding
JPM,19617,2021-12-31,2021,4,2944100000,2021-12-31,10-K,CommonStockSharesOutstanding
JPM,19617,2022-03-31,2022,1,2937050466,2022-03-31,10-Q,EntityCommonStockSharesOutstanding
JPM,19617,2022-06-30,2022,2,2932572390,2022-06-30,10-Q,EntityCommonStockSharesOutstanding
JPM,19617,2022-09-30,2022,3,2933204888,2022-09-30,10-Q,EntityCommonStockSharesOutstanding
JPM,19617,2022-12-31,2022,4,2934200000,2022-12-31,10-K,CommonStockSharesOutstanding
JPM,19617,2023-03-31,2023,1,2922288509,2023-03-31,10-Q,EntityCommonStockSharesOutstanding
JPM,19617,2023-06-30,2023,2,2906085273,2023-06-30,10-Q,EntityCommonStockSharesOutstanding
JPM,19617,2023-09-30,2023,3,2891008341,2023-09-30,10-Q,EntityCommonStockSharesOutstanding
JPM,19617,2023-12-31,2023,4,2876600000,2023-12-31,10-K,CommonStockSharesOutstanding
JPM,19617,2024-03-31,2024,1,2871667879,2024-03-31,10-Q,EntityCommonStockSharesOutstanding
JPM,19617,2024-06-30,2024,2,2845164727,2024-06-30,10-Q,EntityCommonStockSharesOutstanding
JPM,19617,2024-09-30,2024,3,2815340422,2024-09-30,10-Q,EntityCommonStockSharesOutstanding
JPM,19617,2024-12-31,2024,4,2797600000,2024-12-31,10-K,CommonStockSharesOutstanding
JPM,19617,2025-03-31,2025,1,2779094488,2025-03-31,10-Q,EntityCommonStockSharesOutstanding
JPM,19617,2025-06-30,2025,2,2749753854,2025-06-30,10-Q,EntityCommonStockSharesOutstanding
JPM,19617,2025-09-30,2025,3,2722262295,2025-09-30,10-Q,EntityCommonStockSharesOutstanding
JPM,19617,2025-12-31,2025,4,2696200000,2025-12-31,10-K,CommonStockSharesOutstanding
BAC,70858,2013-09-30,2013,3,10683282112,2013-09-30,10-Q,CommonStockSharesOutstanding
BAC,70858,2013-12-31,2013,4,10591808296,2013-12-31,10-K,CommonStockSharesOutstanding
BAC,70858,2014-03-31,2014,1,10530045485,2014-03-31,10-Q,CommonStockSharesOutstanding
BAC,70858,2014-06-30,2014,2,10515824628,2014-06-30,10-Q,CommonStockSharesOutstanding
BAC,70858,2014-09-30,2014,3,10515893904,2014-09-30,10-Q,CommonStockSharesOutstanding
BAC,70858,2014-12-31,2014,4,10516542476,2014-12-31,10-K,CommonStockSharesOutstanding
BAC,70858,2015-03-31,2015,1,10520400507,2015-03-31,10-Q,CommonStockSharesOutstanding
BAC,70858,2015-06-30,2015,2,10471836636,2015-06-30,10-Q,CommonStockSharesOutstanding
BAC,70858,2015-09-30,2015,3,10427305035,2015-09-30,10-Q,CommonStockSharesOutstanding
BAC,70858,2015-12-31,2015,4,10380265063,2015-12-31,10-K,CommonStockSharesOutstanding
BAC,70858,2016-03-31,2016,1,10312660252,2016-03-31,10-Q,CommonStockSharesOutstanding
BAC,70858,2016-06-30,2016,2,10216780615,2016-06-30,10-Q,CommonStockSharesOutstanding
BAC,70858,2016-09-30,2016,3,10123845121,2016-09-30,10-Q,CommonStockSharesOutstanding
BAC,70858,2016-12-31,2016,4,10052625604,2016-12-31,10-K,CommonStockSharesOutstanding
BAC,70858,2017-03-31,2017,1,9974189863,2017-03-31,10-Q,CommonStockSharesOutstanding
BAC,70858,2017-06-30,2017,2,9878118264,2017-06-30,10-Q,CommonStockSharesOutstanding
BAC,70858,2017-09-30,2017,3,10457473674,2017-09-30,10-Q,CommonStockSharesOutstanding
BAC,70858,2017-12-31,2017,4,10287302431,2017-12-31,10-K,CommonStockSharesOutstanding
BAC,70858,2018-03-31,2018,1,10175910851,2018-03-31,10-Q,CommonStockSharesOutstanding
BAC,70858,2018-06-30,2018,2,10012719225,2018-06-30,10-Q,CommonStockSharesOutstanding
BAC,70858,2018-09-30,2018,3,9858252641,2018-09-30,10-Q,CommonStockSharesOutstanding
BAC,70858,2018-12-31,2018,4,9669286370,2018-12-31,10-K,CommonStockSharesOutstanding
BAC,70858,2019-03-31,2019,1,9568389268,2019-03-31,10-Q,CommonStockSharesOutstanding
BAC,70858,2019-06-30,2019,2,9342601750,2019-06-30,10-Q,CommonStockSharesOutstanding
BAC,70858,2019-09-30,2019,3,9079264535,2019-09-30,10-Q,CommonStockSharesOutstanding
BAC,70858,2019-12-31,2019,4,8836148954,2019-12-31,10-K,CommonStockSharesOutstanding
BAC,70858,2020-03-31,2020,1,8675487435,2020-03-31,10-Q,CommonStockSharesOutstanding
BAC,70858,2020-06-30,2020,2,8664081625,2020-06-30,10-Q,CommonStockSharesOutstanding
BAC,70858,2020-09-30,2020,3,8661522562,2020-09-30,10-Q,CommonStockSharesOutstanding
BAC,70858,2020-12-31,2020,4,8650814105,2020-12-31,10-K,CommonStockSharesOutstanding
BAC,70858,2021-03-31,2021,1,8589731470,2021-03-31,10-Q,CommonStockSharesOutstanding
BAC,70858,2021-06-30,2021,2,8487151465,2021-06-30,10-Q,CommonStockSharesOutstanding
BAC,70858,2021-09-30,2021,3,8241243911,2021-09-30,10-Q,CommonStockSharesOutstanding
BAC,70858,2021-12-31,2021,4,8077831463,2021-12-31,10-K,CommonStockSharesOutstanding
BAC,70858,2022-03-31,2022,1,8062102236,2022-03-31,10-Q,CommonStockSharesOutstanding
BAC,70858,2022-06-30,2022,2,8035221887,2022-06-30,10-Q,CommonStockSharesOutstanding
BAC,70858,2022-09-30,2022,3,8024450244,2022-09-30,10-Q,CommonStockSharesOutstanding
BAC,70858,2022-12-31,2022,4,7996777943,2022-12-31,10-K,CommonStockSharesOutstanding
BAC,70858,2023-03-31,2023,1,7972438148,2023-03-31,10-Q,CommonStockSharesOutstanding
BAC,70858,2023-06-30,2023,2,7953563116,2023-06-30,10-Q,CommonStockSharesOutstanding
BAC,70858,2023-09-30,2023,3,7923357339,2023-09-30,10-Q,CommonStockSharesOutstanding
BAC,70858,2023-12-31,2023,4,7895457665,2023-12-31,10-K,CommonStockSharesOutstanding
BAC,70858,2024-03-31,2024,1,7866868200,2024-03-31,10-Q,CommonStockSharesOutstanding
BAC,70858,2024-06-30,2024,2,7774753442,2024-06-30,10-Q,CommonStockSharesOutstanding
BAC,70858,2024-09-30,2024,3,7688767832,2024-09-30,10-Q,CommonStockSharesOutstanding
BAC,70858,2024-12-31,2024,4,7610862311,2024-12-31,10-K,CommonStockSharesOutstanding
BAC,70858,2025-03-31,2025,1,7560084716,2025-03-31,10-Q,CommonStockSharesOutstanding
BAC,70858,2025-06-30,2025,2,7436679485,2025-06-30,10-Q,CommonStockSharesOutstanding
BAC,70858,2025-09-30,2025,3,7329421929,2025-09-30,10-Q,CommonStockSharesOutstanding
BAC,70858,2025-12-31,2025,4,7212464345,2025-12-31,10-K,CommonStockSharesOutstanding
PFE,78003,2013-09-30,2013,3,6938000000,2013-09-29,10-Q,WeightedAverageNumberOfSharesOutstandingBasic
PFE,78003,2013-12-31,2013,4,6813000000,2013-12-31,10-K,WeightedAverageNumberOfSharesOutstandingBasic
PFE,78003,2014-03-31,2014,1,6389000000,2014-03-30,10-Q,WeightedAverageNumberOfSharesOutstandingBasic
PFE,78003,2014-06-30,2014,2,6379000000,2014-06-29,10-Q,WeightedAverageNumberOfSharesOutstandingBasic
PFE,78003,2014-09-30,2014,3,6363000000,2014-09-28,10-Q,WeightedAverageNumberOfSharesOutstandingBasic
PFE,78003,2014-12-31,2014,4,6346000000,2014-12-31,10-K,WeightedAverageNumberOfSharesOutstandingBasic
PFE,78003,2015-03-31,2015,1,6203000000,2015-03-29,10-Q,WeightedAverageNumberOfSharesOutstandingBasic
PFE,78003,2015-06-30,2015,2,6181000000,2015-06-28,10-Q,WeightedAverageNumberOfSharesOutstandingBasic
PFE,78003,2015-09-30,2015,3,6176000000,2015-09-27,10-Q,WeightedAverageNumberOfSharesOutstandingBasic
PFE,78003,2015-12-31,2015,4,6176000000,2015-12-31,10-K,WeightedAverageNumberOfSharesOutstandingBasic
PFE,78003,2016-03-31,2016,1,6150000000,2016-04-03,10-Q,WeightedAverageNumberOfSharesOutstandingBasic
PFE,78003,2016-06-30,2016,2,6110000000,2016-07-03,10-Q,WeightedAverageNumberOfSharesOutstandingBasic
PFE,78003,2016-09-30,2016,3,6095000000,2016-10-02,10-Q,WeightedAverageNumberOfSharesOutstandingBasic
PFE,78003,2016-12-31,2016,4,6089000000,2016-12-31,10-K,WeightedAverageNumberOfSharesOutstandingBasic
PFE,78003,2017-03-31,2017,1,6006000000,2017-04-02,10-Q,WeightedAverageNumberOfSharesOutstandingBasic
PFE,78003,2017-06-30,2017,2,5982000000,2017-07-02,10-Q,WeightedAverageNumberOfSharesOutstandingBasic
PFE,78003,2017-09-30,2017,3,5972000000,2017-10-01,10-Q,WeightedAverageNumberOfSharesOutstandingBasic
PFE,78003,2017-12-31,2017,4,5970000000,2017-12-31,10-K,WeightedAverageNumberOfSharesOutstandingBasic
PFE,78003,2018-03-31,2018,1,5957000000,2018-04-01,10-Q,WeightedAverageNumberOfSharesOutstandingBasic
PFE,78003,2018-06-30,2018,2,5911000000,2018-07-01,10-Q,WeightedAverageNumberOfSharesOutstandingBasic
PFE,78003,2018-09-30,2018,3,5899000000,2018-09-30,10-Q,WeightedAverageNumberOfSharesOutstandingBasic
PFE,78003,2018-12-31,2018,4,5872000000,2018-12-31,10-K,WeightedAverageNumberOfSharesOutstandingBasic
PFE,78003,2019-03-31,2019,1,5635000000,2019-03-31,10-Q,WeightedAverageNumberOfSharesOutstandingBasic
PFE,78003,2019-06-30,2019,2,5598000000,2019-06-30,10-Q,WeightedAverageNumberOfSharesOutstandingBasic
PFE,78003,2019-09-30,2019,3,5581000000,2019-09-29,10-Q,WeightedAverageNumberOfSharesOutstandingBasic
PFE,78003,2019-12-31,2019,4,5569000000,2019-12-31,10-K,WeightedAverageNumberOfSharesOutstandingBasic
PFE,78003,2020-03-31,2020,1,5545000000,2020-03-29,10-Q,WeightedAverageNumberOfSharesOutstandingBasic
PFE,78003,2020-06-30,2020,2,5550000000,2020-06-28,10-Q,WeightedAverageNumberOfSharesOutstandingBasic
PFE,78003,2020-09-30,2020,3,5552000000,2020-09-27,10-Q,WeightedAverageNumberOfSharesOutstandingBasic
PFE,78003,2020-12-31,2020,4,5555000000,2020-12-31,10-K,WeightedAverageNumberOfSharesOutstandingBasic
PFE,78003,2021-03-31,2021,1,5584000000,2021-04-04,10-Q,WeightedAverageNumberOfSharesOutstandingBasic
PFE,78003,2021-06-30,2021,2,5591000000,2021-07-04,10-Q,WeightedAverageNumberOfSharesOutstandingBasic
PFE,78003,2021-09-30,2021,3,5597000000,2021-10-03,10-Q,WeightedAverageNumberOfSharesOutstandingBasic
PFE,78003,2021-12-31,2021,4,5601000000,2021-12-31,10-K,WeightedAverageNumberOfSharesOutstandingBasic
PFE,78003,2022-03-31,2022,1,5617000000,2022-04-03,10-Q,WeightedAverageNumberOfSharesOutstandingBasic
PFE,78003,2022-06-30,2022,2,5605000000,2022-07-03,10-Q,WeightedAverageNumberOfSharesOutstandingBasic
PFE,78003,2022-09-30,2022,3,5606000000,2022-10-02,10-Q,WeightedAverageNumberOfSharesOutstandingBasic
PFE,78003,2022-12-31,2022,4,5608000000,2022-12-31,10-K,WeightedAverageNumberOfSharesOutstandingBasic
PFE,78003,2023-03-31,2023,1,5634000000,2023-04-02,10-Q,WeightedAverageNumberOfSharesOutstandingBasic
PFE,78003,2023-06-30,2023,2,5640000000,2023-07-02,10-Q,WeightedAverageNumberOfSharesOutstandingBasic
PFE,78003,2023-09-30,2023,3,5642000000,2023-10-01,10-Q,WeightedAverageNumberOfSharesOutstandingBasic
PFE,78003,2023-12-31,2023,4,5643000000,2023-12-31,10-K,WeightedAverageNumberOfSharesOutstandingBasic
PFE,78003,2024-03-31,2024,1,5657000000,2024-03-31,10-Q,WeightedAverageNumberOfSharesOutstandingBasic
PFE,78003,2024-06-30,2024,2,5662000000,2024-06-30,10-Q,WeightedAverageNumberOfSharesOutstandingBasic
PFE,78003,2024-09-30,2024,3,5663000000,2024-09-29,10-Q,WeightedAverageNumberOfSharesOutstandingBasic
PFE,78003,2024-12-31,2024,4,5664000000,2024-12-31,10-K,WeightedAverageNumberOfSharesOutstandingBasic
PFE,78003,2025-03-31,2025,1,5675000000,2025-03-30,10-Q,WeightedAverageNumberOfSharesOutstandingBasic
PFE,78003,2025-06-30,2025,2,5680000000,2025-06-29,10-Q,WeightedAverageNumberOfSharesOutstandingBasic
PFE,78003,2025-09-30,2025,3,5682000000,2025-09-28,10-Q,WeightedAverageNumberOfSharesOutstandingBasic
PFE,78003,2025-12-31,2025,4,5683000000,2025-12-31,10-K,WeightedAverageNumberOfSharesOutstandingBasic
MRK,310158,2013-09-30,2013,3,2975000000,2013-09-30,10-Q,WeightedAverageNumberOfSharesOutstandingBasic
MRK,310158,2013-12-31,2013,4,2963000000,2013-12-31,10-K,WeightedAverageNumberOfSharesOutstandingBasic
MRK,310158,2014-03-31,2014,1,2934000000,2014-03-31,10-Q,WeightedAverageNumberOfSharesOutstandingBasic
MRK,310158,2014-06-30,2014,2,2925000000,2014-06-30,10-Q,WeightedAverageNumberOfSharesOutstandingBasic
MRK,310158,2014-09-30,2014,3,2909000000,2014-09-30,10-Q,WeightedAverageNumberOfSharesOutstandingBasic
MRK,310158,2014-12-31,2014,4,2894000000,2014-12-31,10-K,WeightedAverageNumberOfSharesOutstandingBasic
MRK,310158,2015-03-31,2015,1,2835000000,2015-03-31,10-Q,WeightedAverageNumberOfSharesOutstandingBasic
MRK,310158,2015-06-30,2015,2,2831000000,2015-06-30,10-Q,WeightedAverageNumberOfSharesOutstandingBasic
MRK,310158,2015-09-30,2015,3,2825000000,2015-09-30,10-Q,WeightedAverageNumberOfSharesOutstandingBasic
MRK,310158,2015-12-31,2015,4,2816000000,2015-12-31,10-K,WeightedAverageNumberOfSharesOutstandingBasic
MRK,310158,2016-03-31,2016,1,2774000000,2016-03-31,10-Q,WeightedAverageNumberOfSharesOutstandingBasic
MRK,310158,2016-06-30,2016,2,2771000000,2016-06-30,10-Q,WeightedAverageNumberOfSharesOutstandingBasic
MRK,310158,2016-09-30,2016,3,2769000000,2016-09-30,10-Q,WeightedAverageNumberOfSharesOutstandingBasic
MRK,310158,2016-12-31,2016,4,2766000000,2016-12-31,10-K,WeightedAverageNumberOfSharesOutstandingBasic
MRK,310158,2017-03-31,2017,1,2745000000,2017-03-31,10-Q,WeightedAverageNumberOfSharesOutstandingBasic
MRK,310158,2017-06-30,2017,2,2739000000,2017-06-30,10-Q,WeightedAverageNumberOfSharesOutstandingBasic
MRK,310158,2017-09-30,2017,3,2735000000,2017-09-30,10-Q,WeightedAverageNumberOfSharesOutstandingBasic
MRK,310158,2017-12-31,2017,4,2730000000,2017-12-31,10-K,WeightedAverageNumberOfSharesOutstandingBasic
MRK,310158,2018-03-31,2018,1,2695000000,2018-03-31,10-Q,WeightedAverageNumberOfSharesOutstandingBasic
MRK,310158,2018-06-30,2018,2,2689000000,2018-06-30,10-Q,WeightedAverageNumberOfSharesOutstandingBasic
MRK,310158,2018-09-30,2018,3,2680000000,2018-09-30,10-Q,WeightedAverageNumberOfSharesOutstandingBasic
MRK,310158,2018-12-31,2018,4,2664000000,2018-12-31,10-K,WeightedAverageNumberOfSharesOutstandingBasic
MRK,310158,2019-03-31,2019,1,2585000000,2019-03-31,10-Q,WeightedAverageNumberOfSharesOutstandingBasic
MRK,310158,2019-06-30,2019,2,2579000000,2019-06-30,10-Q,WeightedAverageNumberOfSharesOutstandingBasic
MRK,310158,2019-09-30,2019,3,2572000000,2019-09-30,10-Q,WeightedAverageNumberOfSharesOutstandingBasic
MRK,310158,2019-12-31,2019,4,2565000000,2019-12-31,10-K,WeightedAverageNumberOfSharesOutstandingBasic
MRK,310158,2020-03-31,2020,1,2533000000,2020-03-31,10-Q,WeightedAverageNumberOfSharesOutstandingBasic
MRK,310158,2020-06-30,2020,2,2531000000,2020-06-30,10-Q,WeightedAverageNumberOfSharesOutstandingBasic
MRK,310158,2020-09-30,2020,3,2530000000,2020-09-30,10-Q,WeightedAverageNumberOfSharesOutstandingBasic
MRK,310158,2020-12-31,2020,4,2530000000,2020-12-31,10-K,WeightedAverageNumberOfSharesOutstandingBasic
MRK,310158,2021-03-31,2021,1,2531000000,2021-03-31,10-Q,WeightedAverageNumberOfSharesOutstandingBasic
MRK,310158,2021-06-30,2021,2,2532000000,2021-06-30,10-Q,WeightedAverageNumberOfSharesOutstandingBasic
MRK,310158,2021-09-30,2021,3,2531000000,2021-09-30,10-Q,WeightedAverageNumberOfSharesOutstandingBasic
MRK,310158,2021-12-31,2021,4,2530000000,2021-12-31,10-K,WeightedAverageNumberOfSharesOutstandingBasic
MRK,310158,2022-03-31,2022,1,2528000000,2022-03-31,10-Q,WeightedAverageNumberOfSharesOutstandingBasic
MRK,310158,2022-06-30,2022,2,2529000000,2022-06-30,10-Q,WeightedAverageNumberOfSharesOutstandingBasic
MRK,310158,2022-09-30,2022,3,2531000000,2022-09-30,10-Q,WeightedAverageNumberOfSharesOutstandingBasic
MRK,310158,2022-12-31,2022,4,2532000000,2022-12-31,10-K,WeightedAverageNumberOfSharesOutstandingBasic
MRK,310158,2023-03-31,2023,1,2538000000,2023-03-31,10-Q,WeightedAverageNumberOfSharesOutstandingBasic
MRK,310158,2023-06-30,2023,2,2539000000,2023-06-30,10-Q,WeightedAverageNumberOfSharesOutstandingBasic
MRK,310158,2023-09-30,2023,3,2538000000,2023-09-30,10-Q,WeightedAverageNumberOfSharesOutstandingBasic
MRK,310158,2023-12-31,2023,4,2537000000,2023-12-31,10-K,WeightedAverageNumberOfSharesOutstandingBasic
MRK,310158,2024-03-31,2024,1,2533000000,2024-03-31,10-Q,WeightedAverageNumberOfSharesOutstandingBasic
MRK,310158,2024-06-30,2024,2,2534000000,2024-06-30,10-Q,WeightedAverageNumberOfSharesOutstandingBasic
MRK,310158,2024-09-30,2024,3,2534000000,2024-09-30,10-Q,WeightedAverageNumberOfSharesOutstandingBasic
MRK,310158,2024-12-31,2024,4,2532000000,2024-12-31,10-K,WeightedAverageNumberOfSharesOutstandingBasic
MRK,310158,2025-03-31,2025,1,2523000000,2025-03-31,10-Q,WeightedAverageNumberOfSharesOutstandingBasic
MRK,310158,2025-06-30,2025,2,2516000000,2025-06-30,10-Q,WeightedAverageNumberOfSharesOutstandingBasic
MRK,310158,2025-09-30,2025,3,2509000000,2025-09-30,10-Q,WeightedAverageNumberOfSharesOutstandingBasic
MRK,310158,2025-12-31,2025,4,2502000000,2025-12-31,10-K,WeightedAverageNumberOfSharesOutstandingBasic
NVDA,1045810,2013-09-30,2013,3,594363000,2013-10-27,10-Q,WeightedAverageNumberOfSharesOutstandingBasic
NVDA,1045810,2013-12-31,2013,4,567996734,2014-01-26,10-K,CommonStockSharesOutstanding
NVDA,1045810,2014-03-31,2014,1,554241412,2014-03-07,10-K,EntityCommonStockSharesOutstanding
NVDA,1045810,2014-06-30,2014,2,558657000,2014-07-27,10-Q,WeightedAverageNumberOfSharesOutstandingBasic
NVDA,1045810,2014-09-30,2014,3,555035000,2014-10-26,10-Q,WeightedAverageNumberOfSharesOutstandingBasic
NVDA,1045810,2014-12-31,2014,4,544913000,2015-01-25,10-K,CommonStockSharesOutstanding
NVDA,1045810,2015-03-31,2015,1,549840211,2015-03-06,10-K,EntityCommonStockSharesOutstanding
NVDA,1045810,2015-06-30,2015,2,545000000,2015-07-26,10-Q,WeightedAverageNumberOfSharesOutstandingBasic
NVDA,1045810,2015-09-30,2015,3,544000000,2015-10-25,10-Q,WeightedAverageNumberOfSharesOutstandingBasic
NVDA,1045810,2015-12-31,2015,4,539000000,2016-01-31,10-K,CommonStockSharesOutstanding
NVDA,1045810,2016-03-31,2016,1,541641088,2016-03-11,10-K,EntityCommonStockSharesOutstanding
NVDA,1045810,2016-06-30,2016,2,536000000,2016-07-31,10-Q,WeightedAverageNumberOfSharesOutstandingBasic
NVDA,1045810,2016-09-30,2016,3,536000000,2016-10-30,10-Q,WeightedAverageNumberOfSharesOutstandingBasic
NVDA,1045810,2016-12-31,2016,4,585000000,2017-01-29,10-K,CommonStockSharesOutstanding
NVDA,1045810,2017-03-31,2017,1,592000000,2017-04-30,10-Q,WeightedAverageNumberOfSharesOutstandingBasic
NVDA,1045810,2017-06-30,2017,2,595000000,2017-07-30,10-Q,WeightedAverageNumberOfSharesOutstandingBasic
NVDA,1045810,2017-09-30,2017,3,597000000,2017-10-29,10-Q,WeightedAverageNumberOfSharesOutstandingBasic
NVDA,1045810,2017-12-31,2017,4,606000000,2018-01-28,10-K,CommonStockSharesOutstanding
NVDA,1045810,2018-03-31,2018,1,606000000,2018-04-29,10-Q,WeightedAverageNumberOfSharesOutstandingBasic
NVDA,1045810,2018-06-30,2018,2,607000000,2018-07-29,10-Q,WeightedAverageNumberOfSharesOutstandingBasic
NVDA,1045810,2018-09-30,2018,3,608000000,2018-10-28,10-Q,WeightedAverageNumberOfSharesOutstandingBasic
NVDA,1045810,2018-12-31,2018,4,606000000,2019-01-27,10-K,CommonStockSharesOutstanding
NVDA,1045810,2019-03-31,2019,1,607000000,2019-04-28,10-Q,WeightedAverageNumberOfSharesOutstandingBasic
NVDA,1045810,2019-06-30,2019,2,608000000,2019-07-28,10-Q,WeightedAverageNumberOfSharesOutstandingBasic
NVDA,1045810,2019-09-30,2019,3,609000000,2019-10-27,10-Q,WeightedAverageNumberOfSharesOutstandingBasic
NVDA,1045810,2019-12-31,2019,4,612000000,2020-01-26,10-K,CommonStockSharesOutstanding
NVDA,1045810,2020-03-31,2020,1,614000000,2020-04-26,10-Q,WeightedAverageNumberOfSharesOutstandingBasic
NVDA,1045810,2020-06-30,2020,2,615000000,2020-07-26,10-Q,WeightedAverageNumberOfSharesOutstandingBasic
NVDA,1045810,2020-09-30,2020,3,616000000,2020-10-25,10-Q,WeightedAverageNumberOfSharesOutstandingBasic
NVDA,1045810,2020-12-31,2020,4,620000000,2021-01-31,10-K,CommonStockSharesOutstanding
NVDA,1045810,2021-03-31,2021,1,621000000,2021-05-02,10-Q,WeightedAverageNumberOfSharesOutstandingBasic
NVDA,1045810,2021-06-30,2021,2,621000000,2021-08-01,10-Q,WeightedAverageNumberOfSharesOutstandingBasic
NVDA,1045810,2021-09-30,2021,3,2493000000,2021-10-31,10-Q,WeightedAverageNumberOfSharesOutstandingBasic
NVDA,1045810,2021-12-31,2021,4,2506000000,2022-01-30,10-K,CommonStockSharesOutstanding
NVDA,1045810,2022-03-31,2022,1,2510000000,2022-03-11,10-K,EntityCommonStockSharesOutstanding
NVDA,1045810,2022-06-30,2022,2,2500000000,2022-07-31,10-Q,WeightedAverageNumberOfSharesOutstandingBasic
NVDA,1045810,2022-09-30,2022,3,2495000000,2022-10-30,10-Q,WeightedAverageNumberOfSharesOutstandingBasic
NVDA,1045810,2022-12-31,2022,4,2466000000,2023-01-29,10-K,CommonStockSharesOutstanding
NVDA,1045810,2023-03-31,2023,1,2470000000,2023-04-30,10-Q,WeightedAverageNumberOfSharesOutstandingBasic
NVDA,1045810,2023-06-30,2023,2,2472000000,2023-07-30,10-Q,WeightedAverageNumberOfSharesOutstandingBasic
NVDA,1045810,2023-09-30,2023,3,2470000000,2023-10-29,10-Q,WeightedAverageNumberOfSharesOutstandingBasic
NVDA,1045810,2023-12-31,2023,4,2464000000,2024-01-28,10-K,CommonStockSharesOutstanding
NVDA,1045810,2024-03-31,2024,1,2462000000,2024-04-28,10-Q,WeightedAverageNumberOfSharesOutstandingBasic
NVDA,1045810,2024-06-30,2024,2,24599000000,2024-07-28,10-Q,WeightedAverageNumberOfSharesOutstandingBasic
NVDA,1045810,2024-09-30,2024,3,24577000000,2024-10-27,10-Q,WeightedAverageNumberOfSharesOutstandingBasic
NVDA,1045810,2024-12-31,2024,4,24477000000,2025-01-26,10-K,CommonStockSharesOutstanding
NVDA,1045810,2025-03-31,2025,1,24441000000,2025-04-27,10-Q,WeightedAverageNumberOfSharesOutstandingBasic
NVDA,1045810,2025-06-30,2025,2,24404000000,2025-07-27,10-Q,WeightedAverageNumberOfSharesOutstandingBasic
NVDA,1045810,2025-09-30,2025,3,24378000000,2025-10-26,10-Q,WeightedAverageNumberOfSharesOutstandingBasic
NVDA,1045810,2025-12-31,2025,4,24304000000,2026-01-25,10-K,CommonStockSharesOutstanding
XOM,34088,2013-09-30,2013,3,4368513787,2013-09-30,10-Q,EntityCommonStockSharesOutstanding
XOM,34088,2013-12-31,2013,4,4335000000,2013-12-31,10-Q,CommonStockSharesOutstanding
XOM,34088,2014-03-31,2014,1,4294374730,2014-03-31,10-Q,EntityCommonStockSharesOutstanding
XOM,34088,2014-06-30,2014,2,4265000000,2014-06-30,10-Q,CommonStockSharesOutstanding
XOM,34088,2014-09-30,2014,3,4235000000,2014-09-30,10-Q,CommonStockSharesOutstanding
XOM,34088,2014-12-31,2014,4,4201000000,2014-12-31,10-Q,CommonStockSharesOutstanding
XOM,34088,2015-03-31,2015,1,4181000000,2015-03-31,10-Q,CommonStockSharesOutstanding
XOM,34088,2015-06-30,2015,2,4169000000,2015-06-30,10-Q,CommonStockSharesOutstanding
XOM,34088,2015-09-30,2015,3,4163000000,2015-09-30,10-Q,CommonStockSharesOutstanding
XOM,34088,2015-12-31,2015,4,4156000000,2015-12-31,10-K,CommonStockSharesOutstanding
XOM,34088,2016-03-31,2016,1,4147000000,2016-03-31,10-Q,CommonStockSharesOutstanding
XOM,34088,2016-06-30,2016,2,4147000000,2016-06-30,10-Q,CommonStockSharesOutstanding
XOM,34088,2016-09-30,2016,3,4147000000,2016-09-30,10-Q,CommonStockSharesOutstanding
XOM,34088,2016-12-31,2016,4,4148000000,2016-12-31,10-K,CommonStockSharesOutstanding
XOM,34088,2017-03-31,2017,1,4237000000,2017-03-31,10-Q,CommonStockSharesOutstanding
XOM,34088,2017-06-30,2017,2,4237000000,2017-06-30,10-Q,CommonStockSharesOutstanding
XOM,34088,2017-09-30,2017,3,4237000000,2017-09-30,10-Q,CommonStockSharesOutstanding
XOM,34088,2017-12-31,2017,4,4239000000,2017-12-31,10-K,CommonStockSharesOutstanding
XOM,34088,2018-03-31,2018,1,4234000000,2018-03-31,10-Q,CommonStockSharesOutstanding
XOM,34088,2018-06-30,2018,2,4234000000,2018-06-30,10-Q,CommonStockSharesOutstanding
XOM,34088,2018-09-30,2018,3,4234000000,2018-09-30,10-Q,CommonStockSharesOutstanding
XOM,34088,2018-12-31,2018,4,4237000000,2018-12-31,10-K,CommonStockSharesOutstanding
XOM,34088,2019-03-31,2019,1,4231000000,2019-03-31,10-Q,CommonStockSharesOutstanding
XOM,34088,2019-06-30,2019,2,4231000000,2019-06-30,10-Q,CommonStockSharesOutstanding
XOM,34088,2019-09-30,2019,3,4231000000,2019-09-30,10-Q,CommonStockSharesOutstanding
XOM,34088,2019-12-31,2019,4,4234000000,2019-12-31,10-K,CommonStockSharesOutstanding
XOM,34088,2020-03-31,2020,1,4228000000,2020-03-31,10-Q,CommonStockSharesOutstanding
XOM,34088,2020-06-30,2020,2,4228000000,2020-06-30,10-Q,CommonStockSharesOutstanding
XOM,34088,2020-09-30,2020,3,4228000000,2020-09-30,10-Q,CommonStockSharesOutstanding
XOM,34088,2020-12-31,2020,4,4233000000,2020-12-31,10-K,CommonStockSharesOutstanding
XOM,34088,2021-03-31,2021,1,4234000000,2021-03-31,10-Q,CommonStockSharesOutstanding
XOM,34088,2021-06-30,2021,2,4234000000,2021-06-30,10-Q,CommonStockSharesOutstanding
XOM,34088,2021-09-30,2021,3,4234000000,2021-09-30,10-Q,CommonStockSharesOutstanding
XOM,34088,2021-12-31,2021,4,4239000000,2021-12-31,10-K,CommonStockSharesOutstanding
XOM,34088,2022-03-31,2022,1,4213000000,2022-03-31,10-Q,CommonStockSharesOutstanding
XOM,34088,2022-06-30,2022,2,4168000000,2022-06-30,10-Q,CommonStockSharesOutstanding
XOM,34088,2022-09-30,2022,3,4118000000,2022-09-30,10-Q,CommonStockSharesOutstanding
XOM,34088,2022-12-31,2022,4,4082000000,2022-12-31,10-K,CommonStockSharesOutstanding
XOM,34088,2023-03-31,2023,1,4043000000,2023-03-31,10-Q,CommonStockSharesOutstanding
XOM,34088,2023-06-30,2023,2,4003000000,2023-06-30,10-Q,CommonStockSharesOutstanding
XOM,34088,2023-09-30,2023,3,3963000000,2023-09-30,10-Q,CommonStockSharesOutstanding
XOM,34088,2023-12-31,2023,4,3971000000,2023-12-31,10-K,CommonStockSharesOutstanding
XOM,34088,2024-03-31,2024,1,3943000000,2024-03-31,10-Q,CommonStockSharesOutstanding
XOM,34088,2024-06-30,2024,2,4443000000,2024-06-30,10-Q,CommonStockSharesOutstanding
XOM,34088,2024-09-30,2024,3,4395000000,2024-09-30,10-Q,CommonStockSharesOutstanding
XOM,34088,2024-12-31,2024,4,4353000000,2024-12-31,10-K,CommonStockSharesOutstanding
XOM,34088,2025-03-31,2025,1,4310000000,2025-03-31,10-Q,CommonStockSharesOutstanding
XOM,34088,2025-06-30,2025,2,4263000000,2025-06-30,10-Q,CommonStockSharesOutstanding
XOM,34088,2025-09-30,2025,3,4217000000,2025-09-30,10-Q,CommonStockSharesOutstanding
XOM,34088,2025-12-31,2025,4,4179000000,2025-12-31,10-K,CommonStockSharesOutstanding
CVX,93410,2013-09-30,2013,3,1923173013,2013-09-30,10-Q,EntityCommonStockSharesOutstanding
CVX,93410,2013-12-31,2013,4,1917000000,2013-12-31,10-K,WeightedAverageNumberOfSharesOutstandingBasic
CVX,93410,2014-03-31,2014,1,1903650099,2014-03-31,10-Q,EntityCommonStockSharesOutstanding
CVX,93410,2014-06-30,2014,2,1898931825,2014-06-30,10-Q,EntityCommonStockSharesOutstanding
CVX,93410,2014-09-30,2014,3,1890424385,2014-09-30,10-Q,EntityCommonStockSharesOutstanding
CVX,93410,2014-12-31,2014,4,1884000000,2014-12-31,10-K,WeightedAverageNumberOfSharesOutstandingBasic
CVX,93410,2015-03-31,2015,1,1880477711,2015-03-31,10-Q,EntityCommonStockSharesOutstanding
CVX,93410,2015-06-30,2015,2,1881734623,2015-06-30,10-Q,EntityCommonStockSharesOutstanding
CVX,93410,2015-09-30,2015,3,1882036704,2015-09-30,10-Q,EntityCommonStockSharesOutstanding
CVX,93410,2015-12-31,2015,4,1868000000,2015-12-31,10-K,WeightedAverageNumberOfSharesOutstandingBasic
CVX,93410,2016-03-31,2016,1,1884702387,2016-03-31,10-Q,EntityCommonStockSharesOutstanding
CVX,93410,2016-06-30,2016,2,1886520448,2016-06-30,10-Q,EntityCommonStockSharesOutstanding
CVX,93410,2016-09-30,2016,3,1887769320,2016-09-30,10-Q,EntityCommonStockSharesOutstanding
CVX,93410,2016-12-31,2016,4,1873000000,2016-12-31,10-K,WeightedAverageNumberOfSharesOutstandingBasic
CVX,93410,2017-03-31,2017,1,1894556806,2017-03-31,10-Q,EntityCommonStockSharesOutstanding
CVX,93410,2017-06-30,2017,2,1895002689,2017-06-30,10-Q,EntityCommonStockSharesOutstanding
CVX,93410,2017-09-30,2017,3,1899373928,2017-09-30,10-Q,EntityCommonStockSharesOutstanding
CVX,93410,2017-12-31,2017,4,1883000000,2017-12-31,10-K,WeightedAverageNumberOfSharesOutstandingBasic
CVX,93410,2018-03-31,2018,1,1910956734,2018-03-31,10-Q,EntityCommonStockSharesOutstanding
CVX,93410,2018-06-30,2018,2,1916147100,2018-06-30,10-Q,EntityCommonStockSharesOutstanding
CVX,93410,2018-09-30,2018,3,1910774369,2018-09-30,10-Q,EntityCommonStockSharesOutstanding
CVX,93410,2018-12-31,2018,4,1898000000,2018-12-31,10-K,WeightedAverageNumberOfSharesOutstandingBasic
CVX,93410,2019-03-31,2019,1,1904726061,2019-03-31,10-Q,EntityCommonStockSharesOutstanding
CVX,93410,2019-06-30,2019,2,1898418471,2019-06-30,10-Q,EntityCommonStockSharesOutstanding
CVX,93410,2019-09-30,2019,3,1890872188,2019-09-30,10-Q,EntityCommonStockSharesOutstanding
CVX,93410,2019-12-31,2019,4,1882000000,2019-12-31,10-K,WeightedAverageNumberOfSharesOutstandingBasic
CVX,93410,2020-03-31,2020,1,1866978650,2020-03-31,10-Q,EntityCommonStockSharesOutstanding
CVX,93410,2020-06-30,2020,2,1867267832,2020-06-30,10-Q,EntityCommonStockSharesOutstanding
CVX,93410,2020-09-30,2020,3,1867323448,2020-09-30,10-Q,EntityCommonStockSharesOutstanding
CVX,93410,2020-12-31,2020,4,1870000000,2020-12-31,10-K,WeightedAverageNumberOfSharesOutstandingBasic
CVX,93410,2021-03-31,2021,1,1928052179,2021-03-31,10-Q,EntityCommonStockSharesOutstanding
CVX,93410,2021-06-30,2021,2,1933911944,2021-06-30,10-Q,EntityCommonStockSharesOutstanding
CVX,93410,2021-09-30,2021,3,1927685919,2021-09-30,10-Q,EntityCommonStockSharesOutstanding
CVX,93410,2021-12-31,2021,4,1916000000,2021-12-31,10-K,WeightedAverageNumberOfSharesOutstandingBasic
CVX,93410,2022-03-31,2022,1,1964813456,2022-03-31,10-Q,EntityCommonStockSharesOutstanding
CVX,93410,2022-06-30,2022,2,1957434814,2022-06-30,10-Q,EntityCommonStockSharesOutstanding
CVX,93410,2022-09-30,2022,3,1933638546,2022-09-30,10-Q,EntityCommonStockSharesOutstanding
CVX,93410,2022-12-31,2022,4,1931000000,2022-12-31,10-K,WeightedAverageNumberOfSharesOutstandingBasic
CVX,93410,2023-03-31,2023,1,1894215264,2023-03-31,10-Q,EntityCommonStockSharesOutstanding
CVX,93410,2023-06-30,2023,2,1867245218,2023-06-30,10-Q,EntityCommonStockSharesOutstanding
CVX,93410,2023-09-30,2023,3,1887748665,2023-09-30,10-Q,EntityCommonStockSharesOutstanding
CVX,93410,2023-12-31,2023,4,1873000000,2023-12-31,10-K,WeightedAverageNumberOfSharesOutstandingBasic
CVX,93410,2024-03-31,2024,1,1847009033,2024-03-31,10-Q,EntityCommonStockSharesOutstanding
CVX,93410,2024-06-30,2024,2,1828917113,2024-06-30,10-Q,EntityCommonStockSharesOutstanding
CVX,93410,2024-09-30,2024,3,1797091325,2024-09-30,10-Q,EntityCommonStockSharesOutstanding
CVX,93410,2024-12-31,2024,4,1810000000,2024-12-31,10-K,WeightedAverageNumberOfSharesOutstandingBasic
CVX,93410,2025-03-31,2025,1,1746393905,2025-03-31,10-Q,EntityCommonStockSharesOutstanding
CVX,93410,2025-06-30,2025,2,1727990376,2025-06-30,10-Q,EntityCommonStockSharesOutstanding
CVX,93410,2025-09-30,2025,3,2013521597,2025-09-30,10-Q,EntityCommonStockSharesOutstanding
CVX,93410,2025-12-31,2025,4,1849000000,2025-12-31,10-K,WeightedAverageNumberOfSharesOutstandingBasic
KO,21344,2013-09-30,2013,3,4442000000,2013-09-27,10-Q,WeightedAverageNumberOfSharesOutstandingBasic
KO,21344,2013-12-31,2013,4,4434000000,2013-12-31,10-K,WeightedAverageNumberOfSharesOutstandingBasic
KO,21344,2014-03-31,2014,1,4401000000,2014-03-28,10-Q,WeightedAverageNumberOfSharesOutstandingBasic
KO,21344,2014-06-30,2014,2,4396000000,2014-06-27,10-Q,WeightedAverageNumberOfSharesOutstandingBasic
KO,21344,2014-09-30,2014,3,4392000000,2014-09-26,10-Q,WeightedAverageNumberOfSharesOutstandingBasic
KO,21344,2014-12-31,2014,4,4387000000,2014-12-31,10-K,WeightedAverageNumberOfSharesOutstandingBasic
KO,21344,2015-03-31,2015,1,4365000000,2015-04-03,10-Q,WeightedAverageNumberOfSharesOutstandingBasic
KO,21344,2015-06-30,2015,2,4360000000,2015-07-03,10-Q,WeightedAverageNumberOfSharesOutstandingBasic
KO,21344,2015-09-30,2015,3,4357000000,2015-10-02,10-Q,WeightedAverageNumberOfSharesOutstandingBasic
KO,21344,2015-12-31,2015,4,4352000000,2015-12-31,10-K,WeightedAverageNumberOfSharesOutstandingBasic
KO,21344,2016-03-31,2016,1,4328000000,2016-04-01,10-Q,WeightedAverageNumberOfSharesOutstandingBasic
KO,21344,2016-06-30,2016,2,4325000000,2016-07-01,10-Q,WeightedAverageNumberOfSharesOutstandingBasic
KO,21344,2016-09-30,2016,3,4322000000,2016-09-30,10-Q,WeightedAverageNumberOfSharesOutstandingBasic
KO,21344,2016-12-31,2016,4,4317000000,2016-12-31,10-K,WeightedAverageNumberOfSharesOutstandingBasic
KO,21344,2017-03-31,2017,1,4287000000,2017-03-31,10-Q,WeightedAverageNumberOfSharesOutstandingBasic
KO,21344,2017-06-30,2017,2,4280000000,2017-06-30,10-Q,WeightedAverageNumberOfSharesOutstandingBasic
KO,21344,2017-09-30,2017,3,4275000000,2017-09-29,10-Q,WeightedAverageNumberOfSharesOutstandingBasic
KO,21344,2017-12-31,2017,4,4272000000,2017-12-31,10-K,WeightedAverageNumberOfSharesOutstandingBasic
KO,21344,2018-03-31,2018,1,4265000000,2018-03-30,10-Q,WeightedAverageNumberOfSharesOutstandingBasic
KO,21344,2018-06-30,2018,2,4260000000,2018-06-29,10-Q,WeightedAverageNumberOfSharesOutstandingBasic
KO,21344,2018-09-30,2018,3,4258000000,2018-09-28,10-Q,WeightedAverageNumberOfSharesOutstandingBasic
KO,21344,2018-12-31,2018,4,4259000000,2018-12-31,10-K,WeightedAverageNumberOfSharesOutstandingBasic
KO,21344,2019-03-31,2019,1,4271000000,2019-03-29,10-Q,WeightedAverageNumberOfSharesOutstandingBasic
KO,21344,2019-06-30,2019,2,4270000000,2019-06-28,10-Q,WeightedAverageNumberOfSharesOutstandingBasic
KO,21344,2019-09-30,2019,3,4273000000,2019-09-27,10-Q,WeightedAverageNumberOfSharesOutstandingBasic
KO,21344,2019-12-31,2019,4,4276000000,2019-12-31,10-K,WeightedAverageNumberOfSharesOutstandingBasic
KO,21344,2020-03-31,2020,1,4289000000,2020-03-27,10-Q,WeightedAverageNumberOfSharesOutstandingBasic
KO,21344,2020-06-30,2020,2,4292000000,2020-06-26,10-Q,WeightedAverageNumberOfSharesOutstandingBasic
KO,21344,2020-09-30,2020,3,4293000000,2020-09-25,10-Q,WeightedAverageNumberOfSharesOutstandingBasic
KO,21344,2020-12-31,2020,4,4295000000,2020-12-31,10-K,WeightedAverageNumberOfSharesOutstandingBasic
KO,21344,2021-03-31,2021,1,4307000000,2021-04-02,10-Q,WeightedAverageNumberOfSharesOutstandingBasic
KO,21344,2021-06-30,2021,2,4310000000,2021-07-02,10-Q,WeightedAverageNumberOfSharesOutstandingBasic
KO,21344,2021-09-30,2021,3,4313000000,2021-10-01,10-Q,WeightedAverageNumberOfSharesOutstandingBasic
KO,21344,2021-12-31,2021,4,4315000000,2021-12-31,10-K,WeightedAverageNumberOfSharesOutstandingBasic
KO,21344,2022-03-31,2022,1,4332000000,2022-04-01,10-Q,WeightedAverageNumberOfSharesOutstandingBasic
KO,21344,2022-06-30,2022,2,4331000000,2022-07-01,10-Q,WeightedAverageNumberOfSharesOutstandingBasic
KO,21344,2022-09-30,2022,3,4329000000,2022-09-30,10-Q,WeightedAverageNumberOfSharesOutstandingBasic
KO,21344,2022-12-31,2022,4,4328000000,2022-12-31,10-K,WeightedAverageNumberOfSharesOutstandingBasic
KO,21344,2023-03-31,2023,1,4326000000,2023-03-31,10-Q,WeightedAverageNumberOfSharesOutstandingBasic
KO,21344,2023-06-30,2023,2,4325000000,2023-06-30,10-Q,WeightedAverageNumberOfSharesOutstandingBasic
KO,21344,2023-09-30,2023,3,4325000000,2023-09-29,10-Q,WeightedAverageNumberOfSharesOutstandingBasic
KO,21344,2023-12-31,2023,4,4323000000,2023-12-31,10-K,WeightedAverageNumberOfSharesOutstandingBasic
KO,21344,2024-03-31,2024,1,4310000000,2024-03-29,10-Q,WeightedAverageNumberOfSharesOutstandingBasic
KO,21344,2024-06-30,2024,2,4309000000,2024-06-28,10-Q,WeightedAverageNumberOfSharesOutstandingBasic
KO,21344,2024-09-30,2024,3,4310000000,2024-09-27,10-Q,WeightedAverageNumberOfSharesOutstandingBasic
KO,21344,2024-12-31,2024,4,4309000000,2024-12-31,10-K,WeightedAverageNumberOfSharesOutstandingBasic
KO,21344,2025-03-31,2025,1,4302000000,2025-03-28,10-Q,WeightedAverageNumberOfSharesOutstandingBasic
KO,21344,2025-06-30,2025,2,4303000000,2025-06-27,10-Q,WeightedAverageNumberOfSharesOutstandingBasic
KO,21344,2025-09-30,2025,3,4303000000,2025-09-26,10-Q,WeightedAverageNumberOfSharesOutstandingBasic
KO,21344,2025-12-31,2025,4,4303000000,2025-12-31,10-K,WeightedAverageNumberOfSharesOutstandingBasic
PEP,77476,2013-09-30,2013,3,1533599526,2013-10-09,10-Q,EntityCommonStockSharesOutstanding
PEP,77476,2013-12-31,2013,4,1541000000,2013-12-28,10-K,WeightedAverageNumberOfSharesOutstandingBasic
PEP,77476,2014-03-31,2014,1,1524000000,2014-03-22,10-Q,WeightedAverageNumberOfSharesOutstandingBasic
PEP,77476,2014-06-30,2014,2,1506789240,2014-07-16,10-Q,EntityCommonStockSharesOutstanding
PEP,77476,2014-09-30,2014,3,1496606020,2014-10-02,10-Q,EntityCommonStockSharesOutstanding
PEP,77476,2014-12-31,2014,4,1509000000,2014-12-27,10-K,WeightedAverageNumberOfSharesOutstandingBasic
PEP,77476,2015-03-31,2015,1,1484000000,2015-03-21,10-Q,WeightedAverageNumberOfSharesOutstandingBasic
PEP,77476,2015-06-30,2015,2,1468993138,2015-07-02,10-Q,EntityCommonStockSharesOutstanding
PEP,77476,2015-09-30,2015,3,1456850777,2015-09-30,10-Q,EntityCommonStockSharesOutstanding
PEP,77476,2015-12-31,2015,4,1469000000,2015-12-26,10-K,WeightedAverageNumberOfSharesOutstandingBasic
PEP,77476,2016-03-31,2016,1,1444417034,2016-04-08,10-Q,EntityCommonStockSharesOutstanding
PEP,77476,2016-06-30,2016,2,1439157837,2016-06-29,10-Q,EntityCommonStockSharesOutstanding
PEP,77476,2016-09-30,2016,3,1434183120,2016-09-22,10-Q,EntityCommonStockSharesOutstanding
PEP,77476,2016-12-31,2016,4,1439000000,2016-12-31,10-K,WeightedAverageNumberOfSharesOutstandingBasic
PEP,77476,2017-03-31,2017,1,1428000000,2017-03-25,10-Q,WeightedAverageNumberOfSharesOutstandingBasic
PEP,77476,2017-06-30,2017,2,1425510474,2017-07-03,10-Q,EntityCommonStockSharesOutstanding
PEP,77476,2017-09-30,2017,3,1422143357,2017-09-27,10-Q,EntityCommonStockSharesOutstanding
PEP,77476,2017-12-31,2017,4,1425000000,2017-12-30,10-K,WeightedAverageNumberOfSharesOutstandingBasic
PEP,77476,2018-03-31,2018,1,1420000000,2018-03-24,10-Q,WeightedAverageNumberOfSharesOutstandingBasic
PEP,77476,2018-06-30,2018,2,1414321635,2018-07-03,10-Q,EntityCommonStockSharesOutstanding
PEP,77476,2018-09-30,2018,3,1411568000,2018-09-25,10-Q,EntityCommonStockSharesOutstanding
PEP,77476,2018-12-31,2018,4,1415000000,2018-12-29,10-K,WeightedAverageNumberOfSharesOutstandingBasic
PEP,77476,2019-03-31,2019,1,1406000000,2019-03-23,10-Q,WeightedAverageNumberOfSharesOutstandingBasic
PEP,77476,2019-06-30,2019,2,1398169503,2019-07-01,10-Q,EntityCommonStockSharesOutstanding
PEP,77476,2019-09-30,2019,3,1394435338,2019-09-26,10-Q,EntityCommonStockSharesOutstanding
PEP,77476,2019-12-31,2019,4,1399000000,2019-12-28,10-K,WeightedAverageNumberOfSharesOutstandingBasic
PEP,77476,2020-03-31,2020,1,1390000000,2020-03-21,10-Q,WeightedAverageNumberOfSharesOutstandingBasic
PEP,77476,2020-06-30,2020,2,1384632842,2020-07-06,10-Q,EntityCommonStockSharesOutstanding
PEP,77476,2020-09-30,2020,3,1381956485,2020-09-24,10-Q,EntityCommonStockSharesOutstanding
PEP,77476,2020-12-31,2020,4,1385000000,2020-12-26,10-K,WeightedAverageNumberOfSharesOutstandingBasic
PEP,77476,2021-03-31,2021,1,1381631264,2021-04-08,10-Q,EntityCommonStockSharesOutstanding
PEP,77476,2021-06-30,2021,2,1382114956,2021-07-06,10-Q,EntityCommonStockSharesOutstanding
PEP,77476,2021-09-30,2021,3,1382652943,2021-09-28,10-Q,EntityCommonStockSharesOutstanding
PEP,77476,2021-12-31,2021,4,1382000000,2021-12-25,10-K,WeightedAverageNumberOfSharesOutstandingBasic
PEP,77476,2022-03-31,2022,1,1383000000,2022-03-19,10-Q,WeightedAverageNumberOfSharesOutstandingBasic
PEP,77476,2022-06-30,2022,2,1380084844,2022-07-05,10-Q,EntityCommonStockSharesOutstanding
PEP,77476,2022-09-30,2022,3,1377709209,2022-10-05,10-Q,EntityCommonStockSharesOutstanding
PEP,77476,2022-12-31,2022,4,1380000000,2022-12-31,10-K,WeightedAverageNumberOfSharesOutstandingBasic
PEP,77476,2023-03-31,2023,1,1378000000,2023-03-25,10-Q,WeightedAverageNumberOfSharesOutstandingBasic
PEP,77476,2023-06-30,2023,2,1376580611,2023-07-06,10-Q,EntityCommonStockSharesOutstanding
PEP,77476,2023-09-30,2023,3,1374863961,2023-10-03,10-Q,EntityCommonStockSharesOutstanding
PEP,77476,2023-12-31,2023,4,1376000000,2023-12-30,10-K,WeightedAverageNumberOfSharesOutstandingBasic
PEP,77476,2024-03-31,2024,1,1375000000,2024-03-23,10-Q,WeightedAverageNumberOfSharesOutstandingBasic
PEP,77476,2024-06-30,2024,2,1373572400,2024-07-05,10-Q,EntityCommonStockSharesOutstanding
PEP,77476,2024-09-30,2024,3,1371989025,2024-10-01,10-Q,EntityCommonStockSharesOutstanding
PEP,77476,2024-12-31,2024,4,1373000000,2024-12-28,10-K,WeightedAverageNumberOfSharesOutstandingBasic
PEP,77476,2025-03-31,2025,1,1372000000,2025-03-22,10-Q,WeightedAverageNumberOfSharesOutstandingBasic
PEP,77476,2025-06-30,2025,2,1369077204,2025-07-10,10-Q,EntityCommonStockSharesOutstanding
PEP,77476,2025-09-30,2025,3,1367340122,2025-10-02,10-Q,EntityCommonStockSharesOutstanding
PEP,77476,2025-12-31,2025,4,1369000000,2025-12-27,10-K,WeightedAverageNumberOfSharesOutstandingBasic
WMT,104169,2013-09-30,2013,3,3244066165,2013-10-17,10-Q/A,EntityCommonStockSharesOutstanding
WMT,104169,2013-12-31,2013,4,3235772430,2013-12-04,10-Q,EntityCommonStockSharesOutstanding
WMT,104169,2014-03-31,2014,1,3229175401,2014-03-18,10-K,EntityCommonStockSharesOutstanding
WMT,104169,2014-06-30,2014,2,3223604679,2014-06-04,10-Q,EntityCommonStockSharesOutstanding
WMT,104169,2014-09-30,2014,3,3222513219,2014-09-03,10-Q,EntityCommonStockSharesOutstanding
WMT,104169,2014-12-31,2014,4,3230000000,2015-01-31,10-K,WeightedAverageNumberOfSharesOutstandingBasic
WMT,104169,2015-03-31,2015,1,3226062652,2015-03-30,10-K,EntityCommonStockSharesOutstanding
WMT,104169,2015-06-30,2015,2,3220548651,2015-06-03,10-Q,EntityCommonStockSharesOutstanding
WMT,104169,2015-09-30,2015,3,3205941803,2015-09-08,10-Q,EntityCommonStockSharesOutstanding
WMT,104169,2015-12-31,2015,4,3201893234,2015-11-30,10-Q,EntityCommonStockSharesOutstanding
WMT,104169,2016-03-31,2016,1,3144335104,2016-03-28,10-K,EntityCommonStockSharesOutstanding
WMT,104169,2016-06-30,2016,2,3116646721,2016-06-01,10-Q,EntityCommonStockSharesOutstanding
WMT,104169,2016-09-30,2016,3,3114000000,2016-10-31,10-Q,WeightedAverageNumberOfSharesOutstandingBasic
WMT,104169,2016-12-31,2016,4,3101000000,2017-01-31,10-K,WeightedAverageNumberOfSharesOutstandingBasic
WMT,104169,2017-03-31,2017,1,3033009079,2017-03-29,10-K,EntityCommonStockSharesOutstanding
WMT,104169,2017-06-30,2017,2,3014499132,2017-05-31,10-Q,EntityCommonStockSharesOutstanding
WMT,104169,2017-09-30,2017,3,3008000000,2017-10-31,10-Q,WeightedAverageNumberOfSharesOutstandingBasic
WMT,104169,2017-12-31,2017,4,2995000000,2018-01-31,10-K,WeightedAverageNumberOfSharesOutstandingBasic
WMT,104169,2018-03-31,2018,1,2950696818,2018-03-28,10-K,EntityCommonStockSharesOutstanding
WMT,104169,2018-06-30,2018,2,2950844393,2018-05-31,10-Q,EntityCommonStockSharesOutstanding
WMT,104169,2018-09-30,2018,3,2928734576,2018-09-04,10-Q,EntityCommonStockSharesOutstanding
WMT,104169,2018-12-31,2018,4,2929000000,2019-01-31,10-K,WeightedAverageNumberOfSharesOutstandingBasic
WMT,104169,2019-03-31,2019,1,2869684230,2019-03-26,10-K,EntityCommonStockSharesOutstanding
WMT,104169,2019-06-30,2019,2,2854722137,2019-06-05,10-Q,EntityCommonStockSharesOutstanding
WMT,104169,2019-09-30,2019,3,2844284080,2019-09-04,10-Q,EntityCommonStockSharesOutstanding
WMT,104169,2019-12-31,2019,4,2837174936,2019-12-02,10-Q,EntityCommonStockSharesOutstanding
WMT,104169,2020-03-31,2020,1,2832277220,2020-03-18,10-K,EntityCommonStockSharesOutstanding
WMT,104169,2020-06-30,2020,2,2831953450,2020-06-01,10-Q,EntityCommonStockSharesOutstanding
WMT,104169,2020-09-30,2020,3,2833752938,2020-08-31,10-Q,EntityCommonStockSharesOutstanding
WMT,104169,2020-12-31,2020,4,2829285926,2020-11-30,10-Q,EntityCommonStockSharesOutstanding
WMT,104169,2021-03-31,2021,1,2817071695,2021-03-17,10-K,EntityCommonStockSharesOutstanding
WMT,104169,2021-06-30,2021,2,2802145927,2021-06-02,10-Q,EntityCommonStockSharesOutstanding
WMT,104169,2021-09-30,2021,3,2788497816,2021-08-31,10-Q,EntityCommonStockSharesOutstanding
WMT,104169,2021-12-31,2021,4,2792000000,2022-01-31,10-K,WeightedAverageNumberOfSharesOutstandingBasic
WMT,104169,2022-03-31,2022,1,2751779629,2022-03-16,10-K,EntityCommonStockSharesOutstanding
WMT,104169,2022-06-30,2022,2,2741150050,2022-06-01,10-Q,EntityCommonStockSharesOutstanding
WMT,104169,2022-09-30,2022,3,2714237937,2022-08-31,10-Q,EntityCommonStockSharesOutstanding
WMT,104169,2022-12-31,2022,4,2724000000,2023-01-31,10-K,WeightedAverageNumberOfSharesOutstandingBasic
WMT,104169,2023-03-31,2023,1,2695655933,2023-03-15,10-K,EntityCommonStockSharesOutstanding
WMT,104169,2023-06-30,2023,2,2692835112,2023-05-31,10-Q,EntityCommonStockSharesOutstanding
WMT,104169,2023-09-30,2023,3,2691563850,2023-08-30,10-Q,EntityCommonStockSharesOutstanding
WMT,104169,2023-12-31,2023,4,2692333333,2024-01-31,10-K,WeightedAverageNumberOfSharesOutstandingBasic
WMT,104169,2024-03-31,2024,1,8058048674,2024-03-13,10-K,EntityCommonStockSharesOutstanding
WMT,104169,2024-06-30,2024,2,8043543330,2024-06-05,10-Q,EntityCommonStockSharesOutstanding
WMT,104169,2024-09-30,2024,3,8044000000,2024-10-31,10-Q,WeightedAverageNumberOfSharesOutstandingBasic
WMT,104169,2024-12-31,2024,4,8033386215,2024-12-04,10-Q,EntityCommonStockSharesOutstanding
WMT,104169,2025-03-31,2025,1,8016849444,2025-03-12,10-K,EntityCommonStockSharesOutstanding
WMT,104169,2025-06-30,2025,2,7980418164,2025-06-04,10-Q,EntityCommonStockSharesOutstanding
WMT,104169,2025-09-30,2025,3,7987000000,2025-10-31,10-Q,WeightedAverageNumberOfSharesOutstandingBasic
WMT,104169,2025-12-31,2025,4,7970166964,2025-12-02,10-Q,EntityCommonStockSharesOutstanding
TGT,27419,2013-09-30,2013,3,631759510,2013-11-02,10-Q,CommonStockSharesOutstanding
TGT,27419,2013-12-31,2013,4,632930740,2014-02-01,10-K,CommonStockSharesOutstanding
TGT,27419,2014-03-31,2014,1,633174692,2014-03-10,10-K,EntityCommonStockSharesOutstanding
TGT,27419,2014-06-30,2014,2,633644605,2014-08-02,10-Q,CommonStockSharesOutstanding
TGT,27419,2014-09-30,2014,3,634378337,2014-11-01,10-Q,CommonStockSharesOutstanding
TGT,27419,2014-12-31,2014,4,640213987,2015-01-31,10-K,CommonStockSharesOutstanding
TGT,27419,2015-03-31,2015,1,641738798,2015-03-06,10-K,EntityCommonStockSharesOutstanding
TGT,27419,2015-06-30,2015,2,630446029,2015-08-01,10-Q,CommonStockSharesOutstanding
TGT,27419,2015-09-30,2015,3,618604168,2015-10-31,10-Q,CommonStockSharesOutstanding
TGT,27419,2015-12-31,2015,4,602226517,2016-01-30,10-K,CommonStockSharesOutstanding
TGT,27419,2016-03-31,2016,1,599982121,2016-03-04,10-K,EntityCommonStockSharesOutstanding
TGT,27419,2016-06-30,2016,2,574801225,2016-07-30,10-Q,CommonStockSharesOutstanding
TGT,27419,2016-09-30,2016,3,563676785,2016-10-29,10-Q,CommonStockSharesOutstanding
TGT,27419,2016-12-31,2016,4,556156228,2017-01-28,10-K,CommonStockSharesOutstanding
TGT,27419,2017-03-31,2017,1,551657501,2017-04-29,10-Q,CommonStockSharesOutstanding
TGT,27419,2017-06-30,2017,2,546183291,2017-07-29,10-Q,CommonStockSharesOutstanding
TGT,27419,2017-09-30,2017,3,543913318,2017-10-28,10-Q,CommonStockSharesOutstanding
TGT,27419,2017-12-31,2017,4,541681670,2018-02-03,10-K,CommonStockSharesOutstanding
TGT,27419,2018-03-31,2018,1,538796010,2018-03-08,10-K,EntityCommonStockSharesOutstanding
TGT,27419,2018-06-30,2018,2,526112846,2018-08-04,10-Q,CommonStockSharesOutstanding
TGT,27419,2018-09-30,2018,3,521810597,2018-11-03,10-Q,CommonStockSharesOutstanding
TGT,27419,2018-12-31,2018,4,517761600,2019-02-02,10-K,CommonStockSharesOutstanding
TGT,27419,2019-03-31,2019,1,516333213,2019-03-07,10-K,EntityCommonStockSharesOutstanding
TGT,27419,2019-06-30,2019,2,511335375,2019-08-03,10-Q,CommonStockSharesOutstanding
TGT,27419,2019-09-30,2019,3,506677740,2019-11-02,10-Q,CommonStockSharesOutstanding
TGT,27419,2019-12-31,2019,4,504198962,2020-02-01,10-K,CommonStockSharesOutstanding
TGT,27419,2020-03-31,2020,1,500961951,2020-03-05,10-K,EntityCommonStockSharesOutstanding
TGT,27419,2020-06-30,2020,2,500252831,2020-08-01,10-Q,CommonStockSharesOutstanding
TGT,27419,2020-09-30,2020,3,500754729,2020-10-31,10-Q,CommonStockSharesOutstanding
TGT,27419,2020-12-31,2020,4,500877129,2021-01-30,10-K,CommonStockSharesOutstanding
TGT,27419,2021-03-31,2021,1,498616180,2021-03-04,10-K,EntityCommonStockSharesOutstanding
TGT,27419,2021-06-30,2021,2,489651196,2021-07-31,10-Q,CommonStockSharesOutstanding
TGT,27419,2021-09-30,2021,3,480905493,2021-10-30,10-Q,CommonStockSharesOutstanding
TGT,27419,2021-12-31,2021,4,471274073,2022-01-29,10-K,CommonStockSharesOutstanding
TGT,27419,2022-03-31,2022,1,462418075,2022-03-03,10-K,EntityCommonStockSharesOutstanding
TGT,27419,2022-06-30,2022,2,460236393,2022-07-30,10-Q,CommonStockSharesOutstanding
TGT,27419,2022-09-30,2022,3,460297654,2022-10-29,10-Q,CommonStockSharesOutstanding
TGT,27419,2022-12-31,2022,4,460346947,2023-01-28,10-K,CommonStockSharesOutstanding
TGT,27419,2023-03-31,2023,1,461552843,2023-04-29,10-Q,CommonStockSharesOutstanding
TGT,27419,2023-06-30,2023,2,461600640,2023-07-29,10-Q,CommonStockSharesOutstanding
TGT,27419,2023-09-30,2023,3,461651176,2023-10-28,10-Q,CommonStockSharesOutstanding
TGT,27419,2023-12-31,2023,4,461675441,2024-02-03,10-K,CommonStockSharesOutstanding
TGT,27419,2024-03-31,2024,1,461690206,2024-03-06,10-K,EntityCommonStockSharesOutstanding
TGT,27419,2024-06-30,2024,2,461600215,2024-08-03,10-Q,CommonStockSharesOutstanding
TGT,27419,2024-09-30,2024,3,459244995,2024-11-02,10-Q,CommonStockSharesOutstanding
TGT,27419,2024-12-31,2024,4,455566995,2025-02-01,10-K,CommonStockSharesOutstanding
TGT,27419,2025-03-31,2025,1,455576464,2025-03-05,10-K,EntityCommonStockSharesOutstanding
TGT,27419,2025-06-30,2025,2,454396092,2025-08-02,10-Q,CommonStockSharesOutstanding
TGT,27419,2025-09-30,2025,3,452796520,2025-11-01,10-Q,CommonStockSharesOutstanding
TGT,27419,2025-12-31,2025,4,452840187,2026-01-31,10-K,CommonStockSharesOutstanding
T,732717,2013-09-30,2013,3,5402000000,2013-09-30,10-Q,WeightedAverageNumberOfSharesOutstandingBasic
T,732717,2013-12-31,2013,4,5368000000,2013-12-31,10-K,WeightedAverageNumberOfSharesOutstandingBasic
T,732717,2014-03-31,2014,1,5222000000,2014-03-31,10-Q,WeightedAverageNumberOfSharesOutstandingBasic
T,732717,2014-06-30,2014,2,5213000000,2014-06-30,10-Q,WeightedAverageNumberOfSharesOutstandingBasic
T,732717,2014-09-30,2014,3,5208000000,2014-09-30,10-Q,WeightedAverageNumberOfSharesOutstandingBasic
T,732717,2014-12-31,2014,4,5205000000,2014-12-31,10-K,WeightedAverageNumberOfSharesOutstandingBasic
T,732717,2015-03-31,2015,1,5203000000,2015-03-31,10-Q,WeightedAverageNumberOfSharesOutstandingBasic
T,732717,2015-06-30,2015,2,5204000000,2015-06-30,10-Q,WeightedAverageNumberOfSharesOutstandingBasic
T,732717,2015-09-30,2015,3,5447000000,2015-09-30,10-Q,WeightedAverageNumberOfSharesOutstandingBasic
T,732717,2015-12-31,2015,4,5628000000,2015-12-31,10-K,WeightedAverageNumberOfSharesOutstandingBasic
T,732717,2016-03-31,2016,1,6172000000,2016-03-31,10-Q,WeightedAverageNumberOfSharesOutstandingBasic
T,732717,2016-06-30,2016,2,6173000000,2016-06-30,10-Q,WeightedAverageNumberOfSharesOutstandingBasic
T,732717,2016-09-30,2016,3,6171000000,2016-09-30,10-Q,WeightedAverageNumberOfSharesOutstandingBasic
T,732717,2016-12-31,2016,4,6168000000,2016-12-31,10-K,WeightedAverageNumberOfSharesOutstandingBasic
T,732717,2017-03-31,2017,1,6166000000,2017-03-31,10-Q,WeightedAverageNumberOfSharesOutstandingBasic
T,732717,2017-06-30,2017,2,6166000000,2017-06-30,10-Q,WeightedAverageNumberOfSharesOutstandingBasic
T,732717,2017-09-30,2017,3,6164000000,2017-09-30,10-Q,WeightedAverageNumberOfSharesOutstandingBasic
T,732717,2017-12-31,2017,4,6164000000,2017-12-31,10-K,WeightedAverageNumberOfSharesOutstandingBasic
T,732717,2018-03-31,2018,1,6161000000,2018-03-31,10-Q,WeightedAverageNumberOfSharesOutstandingBasic
T,732717,2018-06-30,2018,2,6257000000,2018-06-30,10-Q,WeightedAverageNumberOfSharesOutstandingBasic
T,732717,2018-09-30,2018,3,6603000000,2018-09-30,10-Q,WeightedAverageNumberOfSharesOutstandingBasic
T,732717,2018-12-31,2018,4,6778000000,2018-12-31,10-K,WeightedAverageNumberOfSharesOutstandingBasic
T,732717,2019-03-31,2019,1,7313000000,2019-03-31,10-Q,WeightedAverageNumberOfSharesOutstandingBasic
T,732717,2019-06-30,2019,2,7318000000,2019-06-30,10-Q,WeightedAverageNumberOfSharesOutstandingBasic
T,732717,2019-09-30,2019,3,7321000000,2019-09-30,10-Q,WeightedAverageNumberOfSharesOutstandingBasic
T,732717,2019-12-31,2019,4,7319000000,2019-12-31,10-K,WeightedAverageNumberOfSharesOutstandingBasic
T,732717,2020-03-31,2020,1,7187000000,2020-03-31,10-Q,WeightedAverageNumberOfSharesOutstandingBasic
T,732717,2020-06-30,2020,2,7166000000,2020-06-30,10-Q,WeightedAverageNumberOfSharesOutstandingBasic
T,732717,2020-09-30,2020,3,7160000000,2020-09-30,10-Q,WeightedAverageNumberOfSharesOutstandingBasic
T,732717,2020-12-31,2020,4,7157000000,2020-12-31,10-K,WeightedAverageNumberOfSharesOutstandingBasic
T,732717,2021-03-31,2021,1,7161000000,2021-03-31,10-Q,WeightedAverageNumberOfSharesOutstandingBasic
T,732717,2021-06-30,2021,2,7165000000,2021-06-30,10-Q,WeightedAverageNumberOfSharesOutstandingBasic
T,732717,2021-09-30,2021,3,7167000000,2021-09-30,10-Q,WeightedAverageNumberOfSharesOutstandingBasic
T,732717,2021-12-31,2021,4,7168000000,2021-12-31,10-K,WeightedAverageNumberOfSharesOutstandingBasic
T,732717,2022-03-31,2022,1,7184000000,2022-03-31,10-Q,WeightedAverageNumberOfSharesOutstandingBasic
T,732717,2022-06-30,2022,2,7176000000,2022-06-30,10-Q,WeightedAverageNumberOfSharesOutstandingBasic
T,732717,2022-09-30,2022,3,7169000000,2022-09-30,10-Q,WeightedAverageNumberOfSharesOutstandingBasic
T,732717,2022-12-31,2022,4,7166000000,2022-12-31,10-K,WeightedAverageNumberOfSharesOutstandingBasic
T,732717,2023-03-31,2023,1,7168000000,2023-03-31,10-Q,WeightedAverageNumberOfSharesOutstandingBasic
T,732717,2023-06-30,2023,2,7174000000,2023-06-30,10-Q,WeightedAverageNumberOfSharesOutstandingBasic
T,732717,2023-09-30,2023,3,7178000000,2023-09-30,10-Q,WeightedAverageNumberOfSharesOutstandingBasic
T,732717,2023-12-31,2023,4,7181000000,2023-12-31,10-K,WeightedAverageNumberOfSharesOutstandingBasic
T,732717,2024-03-31,2024,1,7192000000,2024-03-31,10-Q,WeightedAverageNumberOfSharesOutstandingBasic
T,732717,2024-06-30,2024,2,7194000000,2024-06-30,10-Q,WeightedAverageNumberOfSharesOutstandingBasic
T,732717,2024-09-30,2024,3,7197000000,2024-09-30,10-Q,WeightedAverageNumberOfSharesOutstandingBasic
T,732717,2024-12-31,2024,4,7199000000,2024-12-31,10-K,WeightedAverageNumberOfSharesOutstandingBasic
T,732717,2025-03-31,2025,1,7213000000,2025-03-31,10-Q,WeightedAverageNumberOfSharesOutstandingBasic
T,732717,2025-06-30,2025,2,7211000000,2025-06-30,10-Q,WeightedAverageNumberOfSharesOutstandingBasic
T,732717,2025-09-30,2025,3,7193000000,2025-09-30,10-Q,WeightedAverageNumberOfSharesOutstandingBasic
T,732717,2025-12-31,2025,4,7169000000,2025-12-31,10-K,WeightedAverageNumberOfSharesOutstandingBasic
VZ,732712,2013-09-30,2013,3,2861750762,2013-09-30,10-Q,EntityCommonStockSharesOutstanding
VZ,732712,2013-12-31,2013,4,2866000000,2013-12-31,10-K,WeightedAverageNumberOfSharesOutstandingBasic
VZ,732712,2014-03-31,2014,1,4141148976,2014-03-31,10-Q,EntityCommonStockSharesOutstanding
VZ,732712,2014-06-30,2014,2,4145232133,2014-06-30,10-Q,EntityCommonStockSharesOutstanding
VZ,732712,2014-09-30,2014,3,4149723706,2014-09-30,10-Q,EntityCommonStockSharesOutstanding
VZ,732712,2014-12-31,2014,4,3974000000,2014-12-31,10-K,WeightedAverageNumberOfSharesOutstandingBasic
VZ,732712,2015-03-31,2015,1,4078487075,2015-03-31,10-Q,EntityCommonStockSharesOutstanding
VZ,732712,2015-06-30,2015,2,4065691468,2015-06-30,10-Q,EntityCommonStockSharesOutstanding
VZ,732712,2015-09-30,2015,3,4068873137,2015-09-30,10-Q,EntityCommonStockSharesOutstanding
VZ,732712,2015-12-31,2015,4,4085000000,2015-12-31,10-K,WeightedAverageNumberOfSharesOutstandingBasic
VZ,732712,2016-03-31,2016,1,4076288055,2016-03-31,10-Q,EntityCommonStockSharesOutstanding
VZ,732712,2016-06-30,2016,2,4076301833,2016-06-30,10-Q,EntityCommonStockSharesOutstanding
VZ,732712,2016-09-30,2016,3,4076633952,2016-09-30,10-Q,EntityCommonStockSharesOutstanding
VZ,732712,2016-12-31,2016,4,4080000000,2016-12-31,10-K,WeightedAverageNumberOfSharesOutstandingBasic
VZ,732712,2017-03-31,2017,1,4079369367,2017-03-31,10-Q,EntityCommonStockSharesOutstanding
VZ,732712,2017-06-30,2017,2,4079407956,2017-06-30,10-Q,EntityCommonStockSharesOutstanding
VZ,732712,2017-09-30,2017,3,4079440836,2017-09-30,10-Q,EntityCommonStockSharesOutstanding
VZ,732712,2017-12-31,2017,4,4084000000,2017-12-31,10-K,WeightedAverageNumberOfSharesOutstandingBasic
VZ,732712,2018-03-31,2018,1,4131896508,2018-03-31,10-Q,EntityCommonStockSharesOutstanding
VZ,732712,2018-06-30,2018,2,4131935606,2018-06-30,10-Q,EntityCommonStockSharesOutstanding
VZ,732712,2018-09-30,2018,3,4132015101,2018-09-30,10-Q,EntityCommonStockSharesOutstanding
VZ,732712,2018-12-31,2018,4,4128000000,2018-12-31,10-K,WeightedAverageNumberOfSharesOutstandingBasic
VZ,732712,2019-03-31,2019,1,4135706646,2019-03-31,10-Q,EntityCommonStockSharesOutstanding
VZ,732712,2019-06-30,2019,2,4135764809,2019-06-30,10-Q,EntityCommonStockSharesOutstanding
VZ,732712,2019-09-30,2019,3,4135784209,2019-09-30,10-Q,EntityCommonStockSharesOutstanding
VZ,732712,2019-12-31,2019,4,4138000000,2019-12-31,10-K,WeightedAverageNumberOfSharesOutstandingBasic
VZ,732712,2020-03-31,2020,1,4137995405,2020-03-31,10-Q,EntityCommonStockSharesOutstanding
VZ,732712,2020-06-30,2020,2,4138053870,2020-06-30,10-Q,EntityCommonStockSharesOutstanding
VZ,732712,2020-09-30,2020,3,4138094367,2020-09-30,10-Q,EntityCommonStockSharesOutstanding
VZ,732712,2020-12-31,2020,4,4140000000,2020-12-31,10-K,WeightedAverageNumberOfSharesOutstandingBasic
VZ,732712,2021-03-31,2021,1,4140067633,2021-03-31,10-Q,EntityCommonStockSharesOutstanding
VZ,732712,2021-06-30,2021,2,4140116007,2021-06-30,10-Q,EntityCommonStockSharesOutstanding
VZ,732712,2021-09-30,2021,3,4140163896,2021-09-30,10-Q,EntityCommonStockSharesOutstanding
VZ,732712,2021-12-31,2021,4,4148000000,2021-12-31,10-K,WeightedAverageNumberOfSharesOutstandingBasic
VZ,732712,2022-03-31,2022,1,4199643701,2022-03-31,10-Q,EntityCommonStockSharesOutstanding
VZ,732712,2022-06-30,2022,2,4199714676,2022-06-30,10-Q,EntityCommonStockSharesOutstanding
VZ,732712,2022-09-30,2022,3,4199817447,2022-09-30,10-Q,EntityCommonStockSharesOutstanding
VZ,732712,2022-12-31,2022,4,4202000000,2022-12-31,10-K,WeightedAverageNumberOfSharesOutstandingBasic
VZ,732712,2023-03-31,2023,1,4203991483,2023-03-31,10-Q,EntityCommonStockSharesOutstanding
VZ,732712,2023-06-30,2023,2,4204039985,2023-06-30,10-Q,EntityCommonStockSharesOutstanding
VZ,732712,2023-09-30,2023,3,4204101659,2023-09-30,10-Q,EntityCommonStockSharesOutstanding
VZ,732712,2023-12-31,2023,4,4211000000,2023-12-31,10-K,WeightedAverageNumberOfSharesOutstandingBasic
VZ,732712,2024-03-31,2024,1,4209254894,2024-03-31,10-Q,EntityCommonStockSharesOutstanding
VZ,732712,2024-06-30,2024,2,4209519996,2024-06-30,10-Q,EntityCommonStockSharesOutstanding
VZ,732712,2024-09-30,2024,3,4209626270,2024-09-30,10-Q,EntityCommonStockSharesOutstanding
VZ,732712,2024-12-31,2024,4,4218000000,2024-12-31,10-K,WeightedAverageNumberOfSharesOutstandingBasic
VZ,732712,2025-03-31,2025,1,4216254914,2025-03-31,10-Q,EntityCommonStockSharesOutstanding
VZ,732712,2025-06-30,2025,2,4216324808,2025-06-30,10-Q,EntityCommonStockSharesOutstanding
VZ,732712,2025-09-30,2025,3,4216425489,2025-09-30,10-Q,EntityCommonStockSharesOutstanding
VZ,732712,2025-12-31,2025,4,4226000000,2025-12-31,10-K,WeightedAverageNumberOfSharesOutstandingBasic
WFC,72971,2013-09-30,2013,3,5293000000,2013-09-30,10-Q,WeightedAverageNumberOfSharesOutstandingBasic
WFC,72971,2013-12-31,2013,4,5287300000,2013-12-31,10-K,WeightedAverageNumberOfSharesOutstandingBasic
WFC,72971,2014-03-31,2014,1,5262800000,2014-03-31,10-Q,WeightedAverageNumberOfSharesOutstandingBasic
WFC,72971,2014-06-30,2014,2,5265600000,2014-06-30,10-Q,WeightedAverageNumberOfSharesOutstandingBasic
WFC,72971,2014-09-30,2014,3,5252200000,2014-09-30,10-Q,WeightedAverageNumberOfSharesOutstandingBasic
WFC,72971,2014-12-31,2014,4,5237200000,2014-12-31,10-K,WeightedAverageNumberOfSharesOutstandingBasic
WFC,72971,2015-03-31,2015,1,5160400000,2015-03-31,10-Q,WeightedAverageNumberOfSharesOutstandingBasic
WFC,72971,2015-06-30,2015,2,5156100000,2015-06-30,10-Q,WeightedAverageNumberOfSharesOutstandingBasic
WFC,72971,2015-09-30,2015,3,5145900000,2015-09-30,10-Q,WeightedAverageNumberOfSharesOutstandingBasic
WFC,72971,2015-12-31,2015,4,5136500000,2015-12-31,10-K,WeightedAverageNumberOfSharesOutstandingBasic
WFC,72971,2016-03-31,2016,1,5075700000,2016-03-31,10-Q,WeightedAverageNumberOfSharesOutstandingBasic
WFC,72971,2016-06-30,2016,2,5071300000,2016-06-30,10-Q,WeightedAverageNumberOfSharesOutstandingBasic
WFC,72971,2016-09-30,2016,3,5061900000,2016-09-30,10-Q,WeightedAverageNumberOfSharesOutstandingBasic
WFC,72971,2016-12-31,2016,4,5052800000,2016-12-31,10-K,WeightedAverageNumberOfSharesOutstandingBasic
WFC,72971,2017-03-31,2017,1,5008600000,2017-03-31,10-Q,WeightedAverageNumberOfSharesOutstandingBasic
WFC,72971,2017-06-30,2017,2,4999200000,2017-06-30,10-Q,WeightedAverageNumberOfSharesOutstandingBasic
WFC,72971,2017-09-30,2017,3,4982100000,2017-09-30,10-Q,WeightedAverageNumberOfSharesOutstandingBasic
WFC,72971,2017-12-31,2017,4,4964600000,2017-12-31,10-K,WeightedAverageNumberOfSharesOutstandingBasic
WFC,72971,2018-03-31,2018,1,4885700000,2018-03-31,10-Q,WeightedAverageNumberOfSharesOutstandingBasic
WFC,72971,2018-06-30,2018,2,4875700000,2018-06-30,10-Q,WeightedAverageNumberOfSharesOutstandingBasic
WFC,72971,2018-09-30,2018,3,4844800000,2018-09-30,10-Q,WeightedAverageNumberOfSharesOutstandingBasic
WFC,72971,2018-12-31,2018,4,4799700000,2018-12-31,10-K,WeightedAverageNumberOfSharesOutstandingBasic
WFC,72971,2019-03-31,2019,1,4551500000,2019-03-31,10-Q,WeightedAverageNumberOfSharesOutstandingBasic
WFC,72971,2019-06-30,2019,2,4510200000,2019-06-30,10-Q,WeightedAverageNumberOfSharesOutstandingBasic
WFC,72971,2019-09-30,2019,3,4459100000,2019-09-30,10-Q,WeightedAverageNumberOfSharesOutstandingBasic
WFC,72971,2019-12-31,2019,4,4393100000,2019-12-31,10-K,WeightedAverageNumberOfSharesOutstandingBasic
WFC,72971,2020-03-31,2020,1,4104800000,2020-03-31,10-Q,WeightedAverageNumberOfSharesOutstandingBasic
WFC,72971,2020-06-30,2020,2,4105200000,2020-06-30,10-Q,WeightedAverageNumberOfSharesOutstandingBasic
WFC,72971,2020-09-30,2020,3,4111400000,2020-09-30,10-Q,WeightedAverageNumberOfSharesOutstandingBasic
WFC,72971,2020-12-31,2020,4,4118000000,2020-12-31,10-K,WeightedAverageNumberOfSharesOutstandingBasic
WFC,72971,2021-03-31,2021,1,4141300000,2021-03-31,10-Q,WeightedAverageNumberOfSharesOutstandingBasic
WFC,72971,2021-06-30,2021,2,4132900000,2021-06-30,10-Q,WeightedAverageNumberOfSharesOutstandingBasic
WFC,72971,2021-09-30,2021,3,4107100000,2021-09-30,10-Q,WeightedAverageNumberOfSharesOutstandingBasic
WFC,72971,2021-12-31,2021,4,4061900000,2021-12-31,10-K,WeightedAverageNumberOfSharesOutstandingBasic
WFC,72971,2022-03-31,2022,1,3831100000,2022-03-31,10-Q,WeightedAverageNumberOfSharesOutstandingBasic
WFC,72971,2022-06-30,2022,2,3812300000,2022-06-30,10-Q,WeightedAverageNumberOfSharesOutstandingBasic
WFC,72971,2022-09-30,2022,3,3807000000,2022-09-30,10-Q,WeightedAverageNumberOfSharesOutstandingBasic
WFC,72971,2022-12-31,2022,4,3833800000,2022-12-31,10-K,CommonStockSharesOutstanding
WFC,72971,2023-03-31,2023,1,3785600000,2023-03-31,10-Q,WeightedAverageNumberOfSharesOutstandingBasic
WFC,72971,2023-06-30,2023,2,3742600000,2023-06-30,10-Q,WeightedAverageNumberOfSharesOutstandingBasic
WFC,72971,2023-09-30,2023,3,3710900000,2023-09-30,10-Q,WeightedAverageNumberOfSharesOutstandingBasic
WFC,72971,2023-12-31,2023,4,3598900000,2023-12-31,10-Q,CommonStockSharesOutstanding
WFC,72971,2024-03-31,2024,1,3501700000,2024-03-31,10-Q,CommonStockSharesOutstanding
WFC,72971,2024-06-30,2024,2,3402700000,2024-06-30,10-Q,CommonStockSharesOutstanding
WFC,72971,2024-09-30,2024,3,3345500000,2024-09-30,10-Q,CommonStockSharesOutstanding
WFC,72971,2024-12-31,2024,4,3288900000,2024-12-31,10-Q,CommonStockSharesOutstanding
WFC,72971,2025-03-31,2025,1,3261700000,2025-03-31,10-Q,CommonStockSharesOutstanding
WFC,72971,2025-06-30,2025,2,3220400000,2025-06-30,10-Q,CommonStockSharesOutstanding
WFC,72971,2025-09-30,2025,3,3148900000,2025-09-30,10-Q,CommonStockSharesOutstanding
WFC,72971,2025-12-31,2025,4,3092600000,2025-12-31,10-K,CommonStockSharesOutstanding
INTC,50863,2013-09-30,2013,3,4973000000,2013-09-28,10-Q,CommonStockSharesOutstanding
INTC,50863,2013-12-31,2013,4,4967000000,2013-12-28,10-K,CommonStockSharesOutstanding
INTC,50863,2014-03-31,2014,1,4972000000,2014-03-29,10-Q,CommonStockSharesOutstanding
INTC,50863,2014-06-30,2014,2,4948000000,2014-06-28,10-Q,CommonStockSharesOutstanding
INTC,50863,2014-09-30,2014,3,4857000000,2014-09-27,10-Q,CommonStockSharesOutstanding
INTC,50863,2014-12-31,2014,4,4748000000,2014-12-27,10-K,CommonStockSharesOutstanding
INTC,50863,2015-03-31,2015,1,4742000000,2015-03-28,10-Q,CommonStockSharesOutstanding
INTC,50863,2015-06-30,2015,2,4753000000,2015-06-27,10-Q,CommonStockSharesOutstanding
INTC,50863,2015-09-30,2015,3,4730000000,2015-09-26,10-Q,CommonStockSharesOutstanding
INTC,50863,2015-12-31,2015,4,4725000000,2015-12-26,10-K,CommonStockSharesOutstanding
INTC,50863,2016-03-31,2016,1,4716000000,2016-04-02,10-Q,CommonStockSharesOutstanding
INTC,50863,2016-06-30,2016,2,4728000000,2016-07-02,10-Q,CommonStockSharesOutstanding
INTC,50863,2016-09-30,2016,3,4739000000,2016-10-01,10-Q,CommonStockSharesOutstanding
INTC,50863,2016-12-31,2016,4,4730000000,2016-12-31,10-K,CommonStockSharesOutstanding
INTC,50863,2017-03-31,2017,1,4709000000,2017-04-01,10-Q,CommonStockSharesOutstanding
INTC,50863,2017-06-30,2017,2,4699000000,2017-07-01,10-Q,CommonStockSharesOutstanding
INTC,50863,2017-09-30,2017,3,4680000000,2017-09-30,10-Q,CommonStockSharesOutstanding
INTC,50863,2017-12-31,2017,4,4687000000,2017-12-30,10-K,CommonStockSharesOutstanding
INTC,50863,2018-03-31,2018,1,4660000000,2018-03-31,10-Q,CommonStockSharesOutstanding
INTC,50863,2018-06-30,2018,2,4611000000,2018-06-30,10-Q,CommonStockSharesOutstanding
INTC,50863,2018-09-30,2018,3,4564000000,2018-09-29,10-Q,CommonStockSharesOutstanding
INTC,50863,2018-12-31,2018,4,4516000000,2018-12-29,10-K,CommonStockSharesOutstanding
INTC,50863,2019-03-31,2019,1,4477000000,2019-03-30,10-Q,CommonStockSharesOutstanding
INTC,50863,2019-06-30,2019,2,4430000000,2019-06-29,10-Q,CommonStockSharesOutstanding
INTC,50863,2019-09-30,2019,3,4350000000,2019-09-28,10-Q,CommonStockSharesOutstanding
INTC,50863,2019-12-31,2019,4,4290000000,2019-12-28,10-K,CommonStockSharesOutstanding
INTC,50863,2020-03-31,2020,1,4234000000,2020-03-28,10-Q,CommonStockSharesOutstanding
INTC,50863,2020-06-30,2020,2,4253000000,2020-06-27,10-Q,CommonStockSharesOutstanding
INTC,50863,2020-09-30,2020,3,4098000000,2020-09-26,10-Q,CommonStockSharesOutstanding
INTC,50863,2020-12-31,2020,4,4062000000,2020-12-26,10-K,CommonStockSharesOutstanding
INTC,50863,2021-03-31,2021,1,4038000000,2021-03-27,10-Q,CommonStockSharesOutstanding
INTC,50863,2021-06-30,2021,2,4057000000,2021-06-26,10-Q,CommonStockSharesOutstanding
INTC,50863,2021-09-30,2021,3,4067000000,2021-09-25,10-Q,CommonStockSharesOutstanding
INTC,50863,2021-12-31,2021,4,4070000000,2021-12-25,10-K,CommonStockSharesOutstanding
INTC,50863,2022-03-31,2022,1,4089000000,2022-04-02,10-Q,CommonStockSharesOutstanding
INTC,50863,2022-06-30,2022,2,4106000000,2022-07-02,10-Q,CommonStockSharesOutstanding
INTC,50863,2022-09-30,2022,3,4127000000,2022-10-01,10-Q,CommonStockSharesOutstanding
INTC,50863,2022-12-31,2022,4,4137000000,2022-12-31,10-K,CommonStockSharesOutstanding
INTC,50863,2023-03-31,2023,1,4154000000,2023-04-01,10-Q,WeightedAverageNumberOfSharesOutstandingBasic
INTC,50863,2023-06-30,2023,2,4168000000,2023-07-01,10-Q,WeightedAverageNumberOfSharesOutstandingBasic
INTC,50863,2023-09-30,2023,3,4216000000,2023-09-30,10-Q,CommonStockSharesOutstanding
INTC,50863,2023-12-31,2023,4,4228000000,2023-12-30,10-K,CommonStockSharesOutstanding
INTC,50863,2024-03-31,2024,1,4257000000,2024-03-30,10-Q,CommonStockSharesOutstanding
INTC,50863,2024-06-30,2024,2,4276000000,2024-06-29,10-Q,CommonStockSharesOutstanding
INTC,50863,2024-09-30,2024,3,4267000000,2024-09-28,10-Q,WeightedAverageNumberOfSharesOutstandingBasic
INTC,50863,2024-12-31,2024,4,4330000000,2024-12-28,10-K,CommonStockSharesOutstanding
INTC,50863,2025-03-31,2025,1,4343000000,2025-03-29,10-Q,WeightedAverageNumberOfSharesOutstandingBasic
INTC,50863,2025-06-30,2025,2,4356000000,2025-06-28,10-Q,WeightedAverageNumberOfSharesOutstandingBasic
INTC,50863,2025-09-30,2025,3,4766000000,2025-09-27,10-Q,CommonStockSharesOutstanding
INTC,50863,2025-12-31,2025,4,4994000000,2025-12-27,10-K,CommonStockSharesOutstanding
AMZN,1018724,2013-09-30,2013,3,458000000,2013-09-30,10-Q,CommonStockSharesOutstanding
AMZN,1018724,2013-12-31,2013,4,459000000,2013-12-31,10-K,CommonStockSharesOutstanding
AMZN,1018724,2014-03-31,2014,1,460000000,2014-03-31,10-Q,CommonStockSharesOutstanding
AMZN,1018724,2014-06-30,2014,2,462000000,2014-06-30,10-Q,CommonStockSharesOutstanding
AMZN,1018724,2014-09-30,2014,3,463000000,2014-09-30,10-Q,CommonStockSharesOutstanding
AMZN,1018724,2014-12-31,2014,4,465000000,2014-12-31,10-K,CommonStockSharesOutstanding
AMZN,1018724,2015-03-31,2015,1,466000000,2015-03-31,10-Q,CommonStockSharesOutstanding
AMZN,1018724,2015-06-30,2015,2,468000000,2015-06-30,10-Q,CommonStockSharesOutstanding
AMZN,1018724,2015-09-30,2015,3,469000000,2015-09-30,10-Q,CommonStockSharesOutstanding
AMZN,1018724,2015-12-31,2015,4,471000000,2015-12-31,10-K,CommonStockSharesOutstanding
AMZN,1018724,2016-03-31,2016,1,472000000,2016-03-31,10-Q,CommonStockSharesOutstanding
AMZN,1018724,2016-06-30,2016,2,474000000,2016-06-30,10-Q,CommonStockSharesOutstanding
AMZN,1018724,2016-09-30,2016,3,475000000,2016-09-30,10-Q,CommonStockSharesOutstanding
AMZN,1018724,2016-12-31,2016,4,477000000,2016-12-31,10-K,CommonStockSharesOutstanding
AMZN,1018724,2017-03-31,2017,1,478000000,2017-03-31,10-Q,CommonStockSharesOutstanding
AMZN,1018724,2017-06-30,2017,2,480000000,2017-06-30,10-Q,CommonStockSharesOutstanding
AMZN,1018724,2017-09-30,2017,3,482000000,2017-09-30,10-Q,CommonStockSharesOutstanding
AMZN,1018724,2017-12-31,2017,4,484000000,2017-12-31,10-K,CommonStockSharesOutstanding
AMZN,1018724,2018-03-31,2018,1,485000000,2018-03-31,10-Q,CommonStockSharesOutstanding
AMZN,1018724,2018-06-30,2018,2,487000000,2018-06-30,10-Q,CommonStockSharesOutstanding
AMZN,1018724,2018-09-30,2018,3,489000000,2018-09-30,10-Q,CommonStockSharesOutstanding
AMZN,1018724,2018-12-31,2018,4,491000000,2018-12-31,10-K,CommonStockSharesOutstanding
AMZN,1018724,2019-03-31,2019,1,492000000,2019-03-31,10-Q,CommonStockSharesOutstanding
AMZN,1018724,2019-06-30,2019,2,494000000,2019-06-30,10-Q,CommonStockSharesOutstanding
AMZN,1018724,2019-09-30,2019,3,495000000,2019-09-30,10-Q,CommonStockSharesOutstanding
AMZN,1018724,2019-12-31,2019,4,498000000,2019-12-31,10-K,CommonStockSharesOutstanding
AMZN,1018724,2020-03-31,2020,1,499000000,2020-03-31,10-Q,CommonStockSharesOutstanding
AMZN,1018724,2020-06-30,2020,2,501000000,2020-06-30,10-Q,CommonStockSharesOutstanding
AMZN,1018724,2020-09-30,2020,3,502000000,2020-09-30,10-Q,CommonStockSharesOutstanding
AMZN,1018724,2020-12-31,2020,4,503000000,2020-12-31,10-K,CommonStockSharesOutstanding
AMZN,1018724,2021-03-31,2021,1,504000000,2021-03-31,10-Q,CommonStockSharesOutstanding
AMZN,1018724,2021-06-30,2021,2,506000000,2021-06-30,10-Q,CommonStockSharesOutstanding
AMZN,1018724,2021-09-30,2021,3,507000000,2021-09-30,10-Q,CommonStockSharesOutstanding
AMZN,1018724,2021-12-31,2021,4,509000000,2021-12-31,10-K,CommonStockSharesOutstanding
AMZN,1018724,2022-03-31,2022,1,509000000,2022-03-31,10-Q,CommonStockSharesOutstanding
AMZN,1018724,2022-06-30,2022,2,10183000000,2022-06-30,10-Q,CommonStockSharesOutstanding
AMZN,1018724,2022-09-30,2022,3,10198000000,2022-09-30,10-Q,CommonStockSharesOutstanding
AMZN,1018724,2022-12-31,2022,4,10242000000,2022-12-31,10-K,CommonStockSharesOutstanding
AMZN,1018724,2023-03-31,2023,1,10258000000,2023-03-31,10-Q,CommonStockSharesOutstanding
AMZN,1018724,2023-06-30,2023,2,10313000000,2023-06-30,10-Q,CommonStockSharesOutstanding
AMZN,1018724,2023-09-30,2023,3,10330000000,2023-09-30,10-Q,CommonStockSharesOutstanding
AMZN,1018724,2023-12-31,2023,4,10383000000,2023-12-31,10-K,CommonStockSharesOutstanding
AMZN,1018724,2024-03-31,2024,1,10403000000,2024-03-31,10-Q,CommonStockSharesOutstanding
AMZN,1018724,2024-06-30,2024,2,10490000000,2024-06-30,10-Q,CommonStockSharesOutstanding
AMZN,1018724,2024-09-30,2024,3,10511000000,2024-09-30,10-Q,CommonStockSharesOutstanding
AMZN,1018724,2024-12-31,2024,4,10593000000,2024-12-31,10-K,CommonStockSharesOutstanding
AMZN,1018724,2025-03-31,2025,1,10613000000,2025-03-31,10-Q,CommonStockSharesOutstanding
AMZN,1018724,2025-06-30,2025,2,10660000000,2025-06-30,10-Q,CommonStockSharesOutstanding
AMZN,1018724,2025-09-30,2025,3,10687000000,2025-09-30,10-Q,CommonStockSharesOutstanding
AMZN,1018724,2025-12-31,2025,4,10731000000,2025-12-31,10-K,CommonStockSharesOutstanding
JNJ,200406,2013-09-30,2013,3,2805600000,2013-09-29,10-Q,WeightedAverageNumberOfSharesOutstandingBasic
JNJ,200406,2013-12-31,2013,4,2809200000,2013-12-29,10-K,WeightedAverageNumberOfSharesOutstandingBasic
JNJ,200406,2014-03-31,2014,1,2826800000,2014-03-30,10-Q,WeightedAverageNumberOfSharesOutstandingBasic
JNJ,200406,2014-06-30,2014,2,2826500000,2014-06-29,10-Q,WeightedAverageNumberOfSharesOutstandingBasic
JNJ,200406,2014-09-30,2014,3,2822000000,2014-09-28,10-Q,WeightedAverageNumberOfSharesOutstandingBasic
JNJ,200406,2014-12-31,2014,4,2815200000,2014-12-28,10-K,WeightedAverageNumberOfSharesOutstandingBasic
JNJ,200406,2015-03-31,2015,1,2782600000,2015-03-29,10-Q,WeightedAverageNumberOfSharesOutstandingBasic
JNJ,200406,2015-06-30,2015,2,2777700000,2015-06-28,10-Q,WeightedAverageNumberOfSharesOutstandingBasic
JNJ,200406,2015-09-30,2015,3,2774800000,2015-09-27,10-Q,WeightedAverageNumberOfSharesOutstandingBasic
JNJ,200406,2015-12-31,2015,4,2771800000,2016-01-03,10-K,WeightedAverageNumberOfSharesOutstandingBasic
JNJ,200406,2016-03-31,2016,1,2757200000,2016-04-03,10-Q,WeightedAverageNumberOfSharesOutstandingBasic
JNJ,200406,2016-06-30,2016,2,2751400000,2016-07-03,10-Q,WeightedAverageNumberOfSharesOutstandingBasic
JNJ,200406,2016-09-30,2016,3,2744900000,2016-10-02,10-Q,WeightedAverageNumberOfSharesOutstandingBasic
JNJ,200406,2016-12-31,2016,4,2737300000,2017-01-01,10-K,WeightedAverageNumberOfSharesOutstandingBasic
JNJ,200406,2017-03-31,2017,1,2706600000,2017-04-02,10-Q,WeightedAverageNumberOfSharesOutstandingBasic
JNJ,200406,2017-06-30,2017,2,2699300000,2017-07-02,10-Q,WeightedAverageNumberOfSharesOutstandingBasic
JNJ,200406,2017-09-30,2017,3,2694400000,2017-10-01,10-Q,WeightedAverageNumberOfSharesOutstandingBasic
JNJ,200406,2017-12-31,2017,4,2692000000,2017-12-31,10-K,WeightedAverageNumberOfSharesOutstandingBasic
JNJ,200406,2018-03-31,2018,1,2682200000,2018-04-01,10-Q,WeightedAverageNumberOfSharesOutstandingBasic
JNJ,200406,2018-06-30,2018,2,2682200000,2018-07-01,10-Q,WeightedAverageNumberOfSharesOutstandingBasic
JNJ,200406,2018-09-30,2018,3,2682600000,2018-09-30,10-Q,WeightedAverageNumberOfSharesOutstandingBasic
JNJ,200406,2018-12-31,2018,4,2681500000,2018-12-30,10-K,WeightedAverageNumberOfSharesOutstandingBasic
JNJ,200406,2019-03-31,2019,1,2660800000,2019-03-31,10-Q,WeightedAverageNumberOfSharesOutstandingBasic
JNJ,200406,2019-06-30,2019,2,2656700000,2019-06-30,10-Q,WeightedAverageNumberOfSharesOutstandingBasic
JNJ,200406,2019-09-30,2019,3,2649500000,2019-09-29,10-Q,WeightedAverageNumberOfSharesOutstandingBasic
JNJ,200406,2019-12-31,2019,4,2645100000,2019-12-29,10-K,WeightedAverageNumberOfSharesOutstandingBasic
JNJ,200406,2020-03-31,2020,1,2633700000,2020-03-29,10-Q,WeightedAverageNumberOfSharesOutstandingBasic
JNJ,200406,2020-06-30,2020,2,2633300000,2020-06-28,10-Q,WeightedAverageNumberOfSharesOutstandingBasic
JNJ,200406,2020-09-30,2020,3,2633000000,2020-09-27,10-Q,WeightedAverageNumberOfSharesOutstandingBasic
JNJ,200406,2020-12-31,2020,4,2632800000,2021-01-03,10-K,WeightedAverageNumberOfSharesOutstandingBasic
JNJ,200406,2021-03-31,2021,1,2631600000,2021-04-04,10-Q,WeightedAverageNumberOfSharesOutstandingBasic
JNJ,200406,2021-06-30,2021,2,2632000000,2021-07-04,10-Q,WeightedAverageNumberOfSharesOutstandingBasic
JNJ,200406,2021-09-30,2021,3,2632200000,2021-10-03,10-Q,WeightedAverageNumberOfSharesOutstandingBasic
JNJ,200406,2021-12-31,2021,4,2632100000,2022-01-02,10-K,WeightedAverageNumberOfSharesOutstandingBasic
JNJ,200406,2022-03-31,2022,1,2629200000,2022-04-03,10-Q,WeightedAverageNumberOfSharesOutstandingBasic
JNJ,200406,2022-06-30,2022,2,2629400000,2022-07-03,10-Q,WeightedAverageNumberOfSharesOutstandingBasic
JNJ,200406,2022-09-30,2022,3,2628900000,2022-10-02,10-Q,WeightedAverageNumberOfSharesOutstandingBasic
JNJ,200406,2022-12-31,2022,4,2625200000,2023-01-01,10-K,WeightedAverageNumberOfSharesOutstandingBasic
JNJ,200406,2023-03-31,2023,1,2605500000,2023-04-02,10-Q,WeightedAverageNumberOfSharesOutstandingBasic
JNJ,200406,2023-06-30,2023,2,2601900000,2023-07-02,10-Q,WeightedAverageNumberOfSharesOutstandingBasic
JNJ,200406,2023-09-30,2023,3,2575600000,2023-10-01,10-Q,WeightedAverageNumberOfSharesOutstandingBasic
JNJ,200406,2023-12-31,2023,4,2533500000,2023-12-31,10-K,WeightedAverageNumberOfSharesOutstandingBasic
JNJ,200406,2024-03-31,2024,1,2408200000,2024-03-31,10-Q,WeightedAverageNumberOfSharesOutstandingBasic
JNJ,200406,2024-06-30,2024,2,2407500000,2024-06-30,10-Q,WeightedAverageNumberOfSharesOutstandingBasic
JNJ,200406,2024-09-30,2024,3,2407400000,2024-09-29,10-Q,WeightedAverageNumberOfSharesOutstandingBasic
JNJ,200406,2024-12-31,2024,4,2407300000,2024-12-29,10-K,WeightedAverageNumberOfSharesOutstandingBasic
JNJ,200406,2025-03-31,2025,1,2407200000,2025-03-30,10-Q,WeightedAverageNumberOfSharesOutstandingBasic
JNJ,200406,2025-06-30,2025,2,2406700000,2025-06-29,10-Q,WeightedAverageNumberOfSharesOutstandingBasic
JNJ,200406,2025-09-30,2025,3,2407300000,2025-09-28,10-Q,WeightedAverageNumberOfSharesOutstandingBasic
JNJ,200406,2025-12-31,2025,4,2407400000,2025-12-28,10-K,WeightedAverageNumberOfSharesOutstandingBasic
PG,80424,2013-09-30,2013,3,2718230729,2013-09-30,10-Q,EntityCommonStockSharesOutstanding
PG,80424,2013-12-31,2013,4,2711408161,2013-12-31,10-Q,EntityCommonStockSharesOutstanding
PG,80424,2014-03-31,2014,1,2705960276,2014-03-31,10-Q,EntityCommonStockSharesOutstanding
PG,80424,2014-06-30,2014,2,2719800000,2014-06-30,10-K,WeightedAverageNumberOfSharesOutstandingBasic
PG,80424,2014-09-30,2014,3,2702118733,2014-09-30,10-Q,EntityCommonStockSharesOutstanding
PG,80424,2014-12-31,2014,4,2700509874,2014-12-31,10-Q,EntityCommonStockSharesOutstanding
PG,80424,2015-03-31,2015,1,2712995590,2015-03-31,10-Q,EntityCommonStockSharesOutstanding
PG,80424,2015-06-30,2015,2,2711700000,2015-06-30,10-K,WeightedAverageNumberOfSharesOutstandingBasic
PG,80424,2015-09-30,2015,3,2720572743,2015-09-30,10-Q,EntityCommonStockSharesOutstanding
PG,80424,2015-12-31,2015,4,2704565560,2015-12-31,10-Q,EntityCommonStockSharesOutstanding
PG,80424,2016-03-31,2016,1,2661851865,2016-03-31,10-Q,EntityCommonStockSharesOutstanding
PG,80424,2016-06-30,2016,2,2698900000,2016-06-30,10-K,WeightedAverageNumberOfSharesOutstandingBasic
PG,80424,2016-09-30,2016,3,2675992524,2016-09-30,10-Q,EntityCommonStockSharesOutstanding
PG,80424,2016-12-31,2016,4,2556477220,2016-12-31,10-Q,EntityCommonStockSharesOutstanding
PG,80424,2017-03-31,2017,1,2557614388,2017-03-31,10-Q,EntityCommonStockSharesOutstanding
PG,80424,2017-06-30,2017,2,2598100000,2017-06-30,10-K,WeightedAverageNumberOfSharesOutstandingBasic
PG,80424,2017-09-30,2017,3,2536958080,2017-09-30,10-Q,EntityCommonStockSharesOutstanding
PG,80424,2017-12-31,2017,4,2521003706,2017-12-31,10-Q,EntityCommonStockSharesOutstanding
PG,80424,2018-03-31,2018,1,2514599476,2018-03-31,10-Q,EntityCommonStockSharesOutstanding
PG,80424,2018-06-30,2018,2,2529300000,2018-06-30,10-K,WeightedAverageNumberOfSharesOutstandingBasic
PG,80424,2018-09-30,2018,3,2491408329,2018-09-30,10-Q,EntityCommonStockSharesOutstanding
PG,80424,2018-12-31,2018,4,2501579709,2018-12-31,10-Q,EntityCommonStockSharesOutstanding
PG,80424,2019-03-31,2019,1,2508329764,2019-03-31,10-Q,EntityCommonStockSharesOutstanding
PG,80424,2019-06-30,2019,2,2502259668,2019-06-30,10-K,EntityCommonStockSharesOutstanding
PG,80424,2019-09-30,2019,3,2493812048,2019-09-30,10-Q,EntityCommonStockSharesOutstanding
PG,80424,2019-12-31,2019,4,2469452884,2019-12-31,10-Q,EntityCommonStockSharesOutstanding
PG,80424,2020-03-31,2020,1,2475642613,2020-03-31,10-Q,EntityCommonStockSharesOutstanding
PG,80424,2020-06-30,2020,2,2487100000,2020-06-30,10-K,WeightedAverageNumberOfSharesOutstandingBasic
PG,80424,2020-09-30,2020,3,2479605893,2020-09-30,10-Q,EntityCommonStockSharesOutstanding
PG,80424,2020-12-31,2020,4,2462476044,2020-12-31,10-Q,EntityCommonStockSharesOutstanding
PG,80424,2021-03-31,2021,1,2448232786,2021-03-31,10-Q,EntityCommonStockSharesOutstanding
PG,80424,2021-06-30,2021,2,2465800000,2021-06-30,10-K,WeightedAverageNumberOfSharesOutstandingBasic
PG,80424,2021-09-30,2021,3,2419947819,2021-09-30,10-Q,EntityCommonStockSharesOutstanding
PG,80424,2021-12-31,2021,4,2397065706,2021-12-31,10-Q,EntityCommonStockSharesOutstanding
PG,80424,2022-03-31,2022,1,2399296841,2022-03-31,10-Q,EntityCommonStockSharesOutstanding
PG,80424,2022-06-30,2022,2,2410300000,2022-06-30,10-K,WeightedAverageNumberOfSharesOutstandingBasic
PG,80424,2022-09-30,2022,3,2369696862,2022-09-30,10-Q,EntityCommonStockSharesOutstanding
PG,80424,2022-12-31,2022,4,2359144096,2022-12-31,10-Q,EntityCommonStockSharesOutstanding
PG,80424,2023-03-31,2023,1,2356969322,2023-03-31,10-Q,EntityCommonStockSharesOutstanding
PG,80424,2023-06-30,2023,2,2368200000,2023-06-30,10-K,WeightedAverageNumberOfSharesOutstandingBasic
PG,80424,2023-09-30,2023,3,2356886211,2023-09-30,10-Q,EntityCommonStockSharesOutstanding
PG,80424,2023-12-31,2023,4,2353021054,2023-12-31,10-Q,EntityCommonStockSharesOutstanding
PG,80424,2024-03-31,2024,1,2360135282,2024-03-31,10-Q,EntityCommonStockSharesOutstanding
PG,80424,2024-06-30,2024,2,2360100000,2024-06-30,10-K,WeightedAverageNumberOfSharesOutstandingBasic
PG,80424,2024-09-30,2024,3,2355041729,2024-09-30,10-Q,EntityCommonStockSharesOutstanding
PG,80424,2024-12-31,2024,4,2344851814,2024-12-31,10-Q,EntityCommonStockSharesOutstanding
PG,80424,2025-03-31,2025,1,2344542034,2025-03-31,10-Q,EntityCommonStockSharesOutstanding
PG,80424,2025-06-30,2025,2,2350100000,2025-06-30,10-K,WeightedAverageNumberOfSharesOutstandingBasic
PG,80424,2025-09-30,2025,3,2336733549,2025-09-30,10-Q,EntityCommonStockSharesOutstanding
PG,80424,2025-12-31,2025,4,2324000685,2025-12-31,10-Q,EntityCommonStockSharesOutstanding
MA,1141391,2013-09-30,2013,3,121000000,2013-09-30,10-Q,WeightedAverageNumberOfSharesOutstandingBasic
MA,1141391,2013-12-31,2013,4,121100000,2013-12-31,10-K,WeightedAverageNumberOfSharesOutstandingBasic
MA,1141391,2014-03-31,2014,1,1185000000,2014-03-31,10-Q,WeightedAverageNumberOfSharesOutstandingBasic
MA,1141391,2014-06-30,2014,2,1175000000,2014-06-30,10-Q,WeightedAverageNumberOfSharesOutstandingBasic
MA,1141391,2014-09-30,2014,3,1169000000,2014-09-30,10-Q,WeightedAverageNumberOfSharesOutstandingBasic
MA,1141391,2014-12-31,2014,4,1165000000,2014-12-31,10-K,WeightedAverageNumberOfSharesOutstandingBasic
MA,1141391,2015-03-31,2015,1,1148000000,2015-03-31,10-Q,WeightedAverageNumberOfSharesOutstandingBasic
MA,1141391,2015-06-30,2015,2,1143000000,2015-06-30,10-Q,WeightedAverageNumberOfSharesOutstandingBasic
MA,1141391,2015-09-30,2015,3,1136000000,2015-09-30,10-Q,WeightedAverageNumberOfSharesOutstandingBasic
MA,1141391,2015-12-31,2015,4,1134000000,2015-12-31,10-K,WeightedAverageNumberOfSharesOutstandingBasic
MA,1141391,2016-03-31,2016,1,1109000000,2016-03-31,10-Q,WeightedAverageNumberOfSharesOutstandingBasic
MA,1141391,2016-06-30,2016,2,1104000000,2016-06-30,10-Q,WeightedAverageNumberOfSharesOutstandingBasic
MA,1141391,2016-09-30,2016,3,1101000000,2016-09-30,10-Q,WeightedAverageNumberOfSharesOutstandingBasic
MA,1141391,2016-12-31,2016,4,1098000000,2016-12-31,10-K,WeightedAverageNumberOfSharesOutstandingBasic
MA,1141391,2017-03-31,2017,1,1078000000,2017-03-31,10-Q,WeightedAverageNumberOfSharesOutstandingBasic
MA,1141391,2017-06-30,2017,2,1074000000,2017-06-30,10-Q,WeightedAverageNumberOfSharesOutstandingBasic
MA,1141391,2017-09-30,2017,3,1071000000,2017-09-30,10-Q,WeightedAverageNumberOfSharesOutstandingBasic
MA,1141391,2017-12-31,2017,4,1067000000,2017-12-31,10-K,WeightedAverageNumberOfSharesOutstandingBasic
MA,1141391,2018-03-31,2018,1,1051000000,2018-03-31,10-Q,WeightedAverageNumberOfSharesOutstandingBasic
MA,1141391,2018-06-30,2018,2,1047000000,2018-06-30,10-Q,WeightedAverageNumberOfSharesOutstandingBasic
MA,1141391,2018-09-30,2018,3,1044000000,2018-09-30,10-Q,WeightedAverageNumberOfSharesOutstandingBasic
MA,1141391,2018-12-31,2018,4,1041000000,2018-12-31,10-K,WeightedAverageNumberOfSharesOutstandingBasic
MA,1141391,2019-03-31,2019,1,1026000000,2019-03-31,10-Q,WeightedAverageNumberOfSharesOutstandingBasic
MA,1141391,2019-06-30,2019,2,1023000000,2019-06-30,10-Q,WeightedAverageNumberOfSharesOutstandingBasic
MA,1141391,2019-09-30,2019,3,1020000000,2019-09-30,10-Q,WeightedAverageNumberOfSharesOutstandingBasic
MA,1141391,2019-12-31,2019,4,1017000000,2019-12-31,10-K,WeightedAverageNumberOfSharesOutstandingBasic
MA,1141391,2020-03-31,2020,1,1005000000,2020-03-31,10-Q,WeightedAverageNumberOfSharesOutstandingBasic
MA,1141391,2020-06-30,2020,2,1005000000,2020-06-30,10-Q,WeightedAverageNumberOfSharesOutstandingBasic
MA,1141391,2020-09-30,2020,3,1003000000,2020-09-30,10-Q,WeightedAverageNumberOfSharesOutstandingBasic
MA,1141391,2020-12-31,2020,4,1002000000,2020-12-31,10-K,WeightedAverageNumberOfSharesOutstandingBasic
MA,1141391,2021-03-31,2021,1,994000000,2021-03-31,10-Q,WeightedAverageNumberOfSharesOutstandingBasic
MA,1141391,2021-06-30,2021,2,992000000,2021-06-30,10-Q,WeightedAverageNumberOfSharesOutstandingBasic
MA,1141391,2021-09-30,2021,3,990000000,2021-09-30,10-Q,WeightedAverageNumberOfSharesOutstandingBasic
MA,1141391,2021-12-31,2021,4,988000000,2021-12-31,10-K,WeightedAverageNumberOfSharesOutstandingBasic
MA,1141391,2022-03-31,2022,1,977000000,2022-03-31,10-Q,WeightedAverageNumberOfSharesOutstandingBasic
MA,1141391,2022-06-30,2022,2,974000000,2022-06-30,10-Q,WeightedAverageNumberOfSharesOutstandingBasic
MA,1141391,2022-09-30,2022,3,971000000,2022-09-30,10-Q,WeightedAverageNumberOfSharesOutstandingBasic
MA,1141391,2022-12-31,2022,4,968000000,2022-12-31,10-K,WeightedAverageNumberOfSharesOutstandingBasic
MA,1141391,2023-03-31,2023,1,953000000,2023-03-31,10-Q,WeightedAverageNumberOfSharesOutstandingBasic
MA,1141391,2023-06-30,2023,2,949000000,2023-06-30,10-Q,WeightedAverageNumberOfSharesOutstandingBasic
MA,1141391,2023-09-30,2023,3,947000000,2023-09-30,10-Q,WeightedAverageNumberOfSharesOutstandingBasic
MA,1141391,2023-12-31,2023,4,944000000,2023-12-31,10-K,WeightedAverageNumberOfSharesOutstandingBasic
MA,1141391,2024-03-31,2024,1,933000000,2024-03-31,10-Q,WeightedAverageNumberOfSharesOutstandingBasic
MA,1141391,2024-06-30,2024,2,931000000,2024-06-30,10-Q,WeightedAverageNumberOfSharesOutstandingBasic
MA,1141391,2024-09-30,2024,3,928000000,2024-09-30,10-Q,WeightedAverageNumberOfSharesOutstandingBasic
MA,1141391,2024-12-31,2024,4,925000000,2024-12-31,10-K,WeightedAverageNumberOfSharesOutstandingBasic
MA,1141391,2025-03-31,2025,1,912000000,2025-03-31,10-Q,WeightedAverageNumberOfSharesOutstandingBasic
MA,1141391,2025-06-30,2025,2,910000000,2025-06-30,10-Q,WeightedAverageNumberOfSharesOutstandingBasic
MA,1141391,2025-09-30,2025,3,908000000,2025-09-30,10-Q,WeightedAverageNumberOfSharesOutstandingBasic
MA,1141391,2025-12-31,2025,4,905000000,2025-12-31,10-K,WeightedAverageNumberOfSharesOutstandingBasic
UNH,731766,2013-09-30,2013,3,998000000,2013-09-30,10-Q,CommonStockSharesOutstanding
UNH,731766,2013-12-31,2013,4,988000000,2013-12-31,10-K,CommonStockSharesOutstanding
UNH,731766,2014-03-31,2014,1,984000000,2014-03-31,10-Q,CommonStockSharesOutstanding
UNH,731766,2014-06-30,2014,2,973000000,2014-06-30,10-Q,CommonStockSharesOutstanding
UNH,731766,2014-09-30,2014,3,962000000,2014-09-30,10-Q,CommonStockSharesOutstanding
UNH,731766,2014-12-31,2014,4,954000000,2014-12-31,10-K,CommonStockSharesOutstanding
UNH,731766,2015-03-31,2015,1,952000000,2015-03-31,10-Q,CommonStockSharesOutstanding
UNH,731766,2015-06-30,2015,2,952000000,2015-06-30,10-Q,CommonStockSharesOutstanding
UNH,731766,2015-09-30,2015,3,953000000,2015-09-30,10-Q,CommonStockSharesOutstanding
UNH,731766,2015-12-31,2015,4,953000000,2015-12-31,10-K,CommonStockSharesOutstanding
UNH,731766,2016-03-31,2016,1,954000000,2016-03-31,10-Q,CommonStockSharesOutstanding
UNH,731766,2016-06-30,2016,2,951000000,2016-06-30,10-Q,CommonStockSharesOutstanding
UNH,731766,2016-09-30,2016,3,952000000,2016-09-30,10-Q,CommonStockSharesOutstanding
UNH,731766,2016-12-31,2016,4,952000000,2016-12-31,10-K,CommonStockSharesOutstanding
UNH,731766,2017-03-31,2017,1,965000000,2017-03-31,10-Q,CommonStockSharesOutstanding
UNH,731766,2017-06-30,2017,2,965000000,2017-06-30,10-Q,CommonStockSharesOutstanding
UNH,731766,2017-09-30,2017,3,969000000,2017-09-30,10-Q,CommonStockSharesOutstanding
UNH,731766,2017-12-31,2017,4,969000000,2017-12-31,10-K,CommonStockSharesOutstanding
UNH,731766,2018-03-31,2018,1,962000000,2018-03-31,10-Q,CommonStockSharesOutstanding
UNH,731766,2018-06-30,2018,2,962000000,2018-06-30,10-Q,CommonStockSharesOutstanding
UNH,731766,2018-09-30,2018,3,962000000,2018-09-30,10-Q,CommonStockSharesOutstanding
UNH,731766,2018-12-31,2018,4,960000000,2018-12-31,10-K,CommonStockSharesOutstanding
UNH,731766,2019-03-31,2019,1,953000000,2019-03-31,10-Q,CommonStockSharesOutstanding
UNH,731766,2019-06-30,2019,2,948000000,2019-06-30,10-Q,CommonStockSharesOutstanding
UNH,731766,2019-09-30,2019,3,947000000,2019-09-30,10-Q,CommonStockSharesOutstanding
UNH,731766,2019-12-31,2019,4,948000000,2019-12-31,10-K,CommonStockSharesOutstanding
UNH,731766,2020-03-31,2020,1,947000000,2020-03-31,10-Q,CommonStockSharesOutstanding
UNH,731766,2020-06-30,2020,2,950000000,2020-06-30,10-Q,CommonStockSharesOutstanding
UNH,731766,2020-09-30,2020,3,949000000,2020-09-30,10-Q,CommonStockSharesOutstanding
UNH,731766,2020-12-31,2020,4,946000000,2020-12-31,10-K,CommonStockSharesOutstanding
UNH,731766,2021-03-31,2021,1,944000000,2021-03-31,10-Q,CommonStockSharesOutstanding
UNH,731766,2021-06-30,2021,2,943000000,2021-06-30,10-Q,CommonStockSharesOutstanding
UNH,731766,2021-09-30,2021,3,942000000,2021-09-30,10-Q,CommonStockSharesOutstanding
UNH,731766,2021-12-31,2021,4,941000000,2021-12-31,10-K,CommonStockSharesOutstanding
UNH,731766,2022-03-31,2022,1,939000000,2022-03-31,10-Q,CommonStockSharesOutstanding
UNH,731766,2022-06-30,2022,2,935000000,2022-06-30,10-Q,CommonStockSharesOutstanding
UNH,731766,2022-09-30,2022,3,935000000,2022-09-30,10-Q,CommonStockSharesOutstanding
UNH,731766,2022-12-31,2022,4,934000000,2022-12-31,10-K,CommonStockSharesOutstanding
UNH,731766,2023-03-31,2023,1,932000000,2023-03-31,10-Q,CommonStockSharesOutstanding
UNH,731766,2023-06-30,2023,2,927000000,2023-06-30,10-Q,CommonStockSharesOutstanding
UNH,731766,2023-09-30,2023,3,925000000,2023-09-30,10-Q,CommonStockSharesOutstanding
UNH,731766,2023-12-31,2023,4,924000000,2023-12-31,10-K,CommonStockSharesOutstanding
UNH,731766,2024-03-31,2024,1,920000000,2024-03-31,10-Q,CommonStockSharesOutstanding
UNH,731766,2024-06-30,2024,2,921000000,2024-06-30,10-Q,CommonStockSharesOutstanding
UNH,731766,2024-09-30,2024,3,923000000,2024-09-30,10-Q,CommonStockSharesOutstanding
UNH,731766,2024-12-31,2024,4,915000000,2024-12-31,10-K,CommonStockSharesOutstanding
UNH,731766,2025-03-31,2025,1,910000000,2025-03-31,10-Q,CommonStockSharesOutstanding
UNH,731766,2025-06-30,2025,2,905000000,2025-06-30,10-Q,CommonStockSharesOutstanding
UNH,731766,2025-09-30,2025,3,906000000,2025-09-30,10-Q,CommonStockSharesOutstanding
UNH,731766,2025-12-31,2025,4,906000000,2025-12-31,10-K,CommonStockSharesOutstanding
GS,886982,2013-09-30,2013,3,441499049,2013-09-30,10-Q,CommonStockSharesOutstanding
GS,886982,2013-12-31,2013,4,446359012,2013-12-31,10-K,CommonStockSharesOutstanding
GS,886982,2014-03-31,2014,1,448032463,2014-03-31,10-Q,CommonStockSharesOutstanding
GS,886982,2014-06-30,2014,2,440734836,2014-06-30,10-Q,CommonStockSharesOutstanding
GS,886982,2014-09-30,2014,3,435734150,2014-09-30,10-Q,CommonStockSharesOutstanding
GS,886982,2014-12-31,2014,4,430259102,2014-12-31,10-K,CommonStockSharesOutstanding
GS,886982,2015-03-31,2015,1,432093034,2015-03-31,10-Q,CommonStockSharesOutstanding
GS,886982,2015-06-30,2015,2,432768039,2015-06-30,10-Q,CommonStockSharesOutstanding
GS,886982,2015-09-30,2015,3,427904332,2015-09-30,10-Q,CommonStockSharesOutstanding
GS,886982,2015-12-31,2015,4,419480736,2015-12-31,10-K,CommonStockSharesOutstanding
GS,886982,2016-03-31,2016,1,417572204,2016-03-31,10-Q,CommonStockSharesOutstanding
GS,886982,2016-06-30,2016,2,406591645,2016-06-30,10-Q,CommonStockSharesOutstanding
GS,886982,2016-09-30,2016,3,399211902,2016-09-30,10-Q,CommonStockSharesOutstanding
GS,886982,2016-12-31,2016,4,392632230,2016-12-31,10-K,CommonStockSharesOutstanding
GS,886982,2017-03-31,2017,1,394791563,2017-03-31,10-Q,CommonStockSharesOutstanding
GS,886982,2017-06-30,2017,2,388213152,2017-06-30,10-Q,CommonStockSharesOutstanding
GS,886982,2017-09-30,2017,3,379098583,2017-09-30,10-Q,CommonStockSharesOutstanding
GS,886982,2017-12-31,2017,4,374808805,2017-12-31,10-K,CommonStockSharesOutstanding
GS,886982,2018-03-31,2018,1,377706096,2018-03-31,10-Q,CommonStockSharesOutstanding
GS,886982,2018-06-30,2018,2,377879137,2018-06-30,10-Q,CommonStockSharesOutstanding
GS,886982,2018-09-30,2018,3,372739352,2018-09-30,10-Q,CommonStockSharesOutstanding
GS,886982,2018-12-31,2018,4,367741973,2018-12-31,10-K,CommonStockSharesOutstanding
GS,886982,2019-03-31,2019,1,366771581,2019-03-31,10-Q,CommonStockSharesOutstanding
GS,886982,2019-06-30,2019,2,360539618,2019-06-30,10-Q,CommonStockSharesOutstanding
GS,886982,2019-09-30,2019,3,357509026,2019-09-30,10-Q,CommonStockSharesOutstanding
GS,886982,2019-12-31,2019,4,347343184,2019-12-31,10-K,CommonStockSharesOutstanding
GS,886982,2020-03-31,2020,1,343856654,2020-03-31,10-Q,CommonStockSharesOutstanding
GS,886982,2020-06-30,2020,2,343935256,2020-06-30,10-Q,CommonStockSharesOutstanding
GS,886982,2020-09-30,2020,3,344070790,2020-09-30,10-Q,CommonStockSharesOutstanding
GS,886982,2020-12-31,2020,4,344088725,2020-12-31,10-K,CommonStockSharesOutstanding
GS,886982,2021-03-31,2021,1,340018220,2021-03-31,10-Q,CommonStockSharesOutstanding
GS,886982,2021-06-30,2021,2,337276277,2021-06-30,10-Q,CommonStockSharesOutstanding
GS,886982,2021-09-30,2021,3,334792980,2021-09-30,10-Q,CommonStockSharesOutstanding
GS,886982,2021-12-31,2021,4,333573254,2021-12-31,10-K,CommonStockSharesOutstanding
GS,886982,2022-03-31,2022,1,343396311,2022-03-31,10-Q,CommonStockSharesOutstanding
GS,886982,2022-06-30,2022,2,341963005,2022-06-30,10-Q,CommonStockSharesOutstanding
GS,886982,2022-09-30,2022,3,339103013,2022-09-30,10-Q,CommonStockSharesOutstanding
GS,886982,2022-12-31,2022,4,334918639,2022-12-31,10-K,CommonStockSharesOutstanding
GS,886982,2023-03-31,2023,1,332884318,2023-03-31,10-Q,CommonStockSharesOutstanding
GS,886982,2023-06-30,2023,2,330811807,2023-06-30,10-Q,CommonStockSharesOutstanding
GS,886982,2023-09-30,2023,3,326604718,2023-09-30,10-Q,CommonStockSharesOutstanding
GS,886982,2023-12-31,2023,4,323376354,2023-12-31,10-K,CommonStockSharesOutstanding
GS,886982,2024-03-31,2024,1,324014481,2024-03-31,10-Q,CommonStockSharesOutstanding
GS,886982,2024-06-30,2024,2,316162882,2024-06-30,10-Q,CommonStockSharesOutstanding
GS,886982,2024-09-30,2024,3,314190854,2024-09-30,10-Q,CommonStockSharesOutstanding
GS,886982,2024-12-31,2024,4,310653708,2024-12-31,10-K,CommonStockSharesOutstanding
GS,886982,2025-03-31,2025,1,307628584,2025-03-31,10-Q,CommonStockSharesOutstanding
GS,886982,2025-06-30,2025,2,302850808,2025-06-30,10-Q,CommonStockSharesOutstanding
GS,886982,2025-09-30,2025,3,300124881,2025-09-30,10-Q,CommonStockSharesOutstanding
GS,886982,2025-12-31,2025,4,296476742,2025-12-31,10-K,CommonStockSharesOutstanding
MS,895421,2013-09-30,2013,3,1953350711,2013-09-30,10-Q,CommonStockSharesOutstanding
MS,895421,2013-12-31,2013,4,1944868751,2013-12-31,10-K,CommonStockSharesOutstanding
MS,895421,2014-03-31,2014,1,1971686139,2014-03-31,10-Q,CommonStockSharesOutstanding
MS,895421,2014-06-30,2014,2,1964503356,2014-06-30,10-Q,CommonStockSharesOutstanding
MS,895421,2014-09-30,2014,3,1958386188,2014-09-30,10-Q,CommonStockSharesOutstanding
MS,895421,2014-12-31,2014,4,1950980142,2014-12-31,10-K,CommonStockSharesOutstanding
MS,895421,2015-03-31,2015,1,1971443739,2015-03-31,10-Q,CommonStockSharesOutstanding
MS,895421,2015-06-30,2015,2,1921604663,2015-06-30,10-Q,WeightedAverageNumberOfSharesOutstandingBasic
MS,895421,2015-09-30,2015,3,1938069312,2015-09-30,10-Q,CommonStockSharesOutstanding
MS,895421,2015-12-31,2015,4,1920024027,2015-12-31,10-K,CommonStockSharesOutstanding
MS,895421,2016-03-31,2016,1,1938294368,2016-03-31,10-Q,CommonStockSharesOutstanding
MS,895421,2016-06-30,2016,2,1917509492,2016-06-30,10-Q,CommonStockSharesOutstanding
MS,895421,2016-09-30,2016,3,1876466446,2016-09-30,10-Q,CommonStockSharesOutstanding
MS,895421,2016-12-31,2016,4,1852481601,2016-12-31,10-K,CommonStockSharesOutstanding
MS,895421,2017-03-31,2017,1,1851942590,2017-03-31,10-Q,CommonStockSharesOutstanding
MS,895421,2017-06-30,2017,2,1839578174,2017-06-30,10-Q,CommonStockSharesOutstanding
MS,895421,2017-09-30,2017,3,1812472419,2017-09-30,10-Q,CommonStockSharesOutstanding
MS,895421,2017-12-31,2017,4,1788086805,2017-12-31,10-K,CommonStockSharesOutstanding
MS,895421,2018-03-31,2018,1,1773934393,2018-03-31,10-Q,CommonStockSharesOutstanding
MS,895421,2018-06-30,2018,2,1749653071,2018-06-30,10-Q,CommonStockSharesOutstanding
MS,895421,2018-09-30,2018,3,1725792278,2018-09-30,10-Q,CommonStockSharesOutstanding
MS,895421,2018-12-31,2018,4,1699828943,2018-12-31,10-K,CommonStockSharesOutstanding
MS,895421,2019-03-31,2019,1,1685996391,2019-03-31,10-Q,CommonStockSharesOutstanding
MS,895421,2019-06-30,2019,2,1658805108,2019-06-30,10-Q,CommonStockSharesOutstanding
MS,895421,2019-09-30,2019,3,1623587078,2019-09-30,10-Q,CommonStockSharesOutstanding
MS,895421,2019-12-31,2019,4,1593973680,2019-12-31,10-K,CommonStockSharesOutstanding
MS,895421,2020-03-31,2020,1,1575500507,2020-03-31,10-Q,CommonStockSharesOutstanding
MS,895421,2020-06-30,2020,2,1576105281,2020-06-30,10-Q,CommonStockSharesOutstanding
MS,895421,2020-09-30,2020,3,1576447988,2020-09-30,10-Q,CommonStockSharesOutstanding
MS,895421,2020-12-31,2020,4,1809624144,2020-12-31,10-K,CommonStockSharesOutstanding
MS,895421,2021-03-31,2021,1,1868925320,2021-03-31,10-Q,CommonStockSharesOutstanding
MS,895421,2021-06-30,2021,2,1834370291,2021-06-30,10-Q,CommonStockSharesOutstanding
MS,895421,2021-09-30,2021,3,1798908848,2021-09-30,10-Q,CommonStockSharesOutstanding
MS,895421,2021-12-31,2021,4,1772226530,2021-12-31,10-K,CommonStockSharesOutstanding
MS,895421,2022-03-31,2022,1,1756153374,2022-03-31,10-Q,CommonStockSharesOutstanding
MS,895421,2022-06-30,2022,2,1723083208,2022-06-30,10-Q,CommonStockSharesOutstanding
MS,895421,2022-09-30,2022,3,1694051265,2022-09-30,10-Q,CommonStockSharesOutstanding
MS,895421,2022-12-31,2022,4,1675487409,2022-12-31,10-K,CommonStockSharesOutstanding
MS,895421,2023-03-31,2023,1,1670318320,2023-03-31,10-Q,CommonStockSharesOutstanding
MS,895421,2023-06-30,2023,2,1658733133,2023-06-30,10-Q,CommonStockSharesOutstanding
MS,895421,2023-09-30,2023,3,1642250165,2023-09-30,10-Q,CommonStockSharesOutstanding
MS,895421,2023-12-31,2023,4,1626828437,2023-12-31,10-K,CommonStockSharesOutstanding
MS,895421,2024-03-31,2024,1,1626657461,2024-03-31,10-Q,CommonStockSharesOutstanding
MS,895421,2024-06-30,2024,2,1619075147,2024-06-30,10-Q,CommonStockSharesOutstanding
MS,895421,2024-09-30,2024,3,1612068430,2024-09-30,10-Q,CommonStockSharesOutstanding
MS,895421,2024-12-31,2024,4,1606653706,2024-12-31,10-K,CommonStockSharesOutstanding
MS,895421,2025-03-31,2025,1,1606806297,2025-03-31,10-Q,CommonStockSharesOutstanding
MS,895421,2025-06-30,2025,2,1598299431,2025-06-30,10-Q,CommonStockSharesOutstanding
MS,895421,2025-09-30,2025,3,1591091689,2025-09-30,10-Q,CommonStockSharesOutstanding
MS,895421,2025-12-31,2025,4,1582834137,2025-12-31,10-K,CommonStockSharesOutstanding
LMT,936468,2013-09-30,2013,3,320307248,2013-09-29,10-Q,EntityCommonStockSharesOutstanding
LMT,936468,2013-12-31,2013,4,319000000,2013-12-31,10-K,CommonStockSharesOutstanding
LMT,936468,2014-03-31,2014,1,317377058,2014-03-30,10-Q,EntityCommonStockSharesOutstanding
LMT,936468,2014-06-30,2014,2,317388019,2014-06-29,10-Q,EntityCommonStockSharesOutstanding
LMT,936468,2014-09-30,2014,3,315925164,2014-09-28,10-Q,EntityCommonStockSharesOutstanding
LMT,936468,2014-12-31,2014,4,314000000,2014-12-31,10-K,CommonStockSharesOutstanding
LMT,936468,2015-03-31,2015,1,314760542,2015-03-29,10-Q,EntityCommonStockSharesOutstanding
LMT,936468,2015-06-30,2015,2,310534530,2015-06-28,10-Q,EntityCommonStockSharesOutstanding
LMT,936468,2015-09-30,2015,3,307295494,2015-09-27,10-Q,EntityCommonStockSharesOutstanding
LMT,936468,2015-12-31,2015,4,303000000,2015-12-31,10-K,CommonStockSharesOutstanding
LMT,936468,2016-03-31,2016,1,304453019,2016-03-27,10-Q,EntityCommonStockSharesOutstanding
LMT,936468,2016-06-30,2016,2,302905786,2016-06-26,10-Q,EntityCommonStockSharesOutstanding
LMT,936468,2016-09-30,2016,3,292977354,2016-09-25,10-Q,EntityCommonStockSharesOutstanding
LMT,936468,2016-12-31,2016,4,289000000,2016-12-31,10-K,CommonStockSharesOutstanding
LMT,936468,2017-03-31,2017,1,289443053,2017-03-26,10-Q,EntityCommonStockSharesOutstanding
LMT,936468,2017-06-30,2017,2,287990865,2017-06-25,10-Q,EntityCommonStockSharesOutstanding
LMT,936468,2017-09-30,2017,3,286734181,2017-09-24,10-Q,EntityCommonStockSharesOutstanding
LMT,936468,2017-12-31,2017,4,284000000,2017-12-31,10-K,CommonStockSharesOutstanding
LMT,936468,2018-03-31,2018,1,285529483,2018-03-25,10-Q,EntityCommonStockSharesOutstanding
LMT,936468,2018-06-30,2018,2,284781066,2018-06-24,10-Q,EntityCommonStockSharesOutstanding
LMT,936468,2018-09-30,2018,3,284425688,2018-09-30,10-Q,EntityCommonStockSharesOutstanding
LMT,936468,2018-12-31,2018,4,284500000,2018-12-31,10-K,WeightedAverageNumberOfSharesOutstandingBasic
LMT,936468,2019-03-31,2019,1,282538809,2019-03-31,10-Q,EntityCommonStockSharesOutstanding
LMT,936468,2019-06-30,2019,2,282397501,2019-06-30,10-Q,EntityCommonStockSharesOutstanding
LMT,936468,2019-09-30,2019,3,282200000,2019-09-29,10-Q,WeightedAverageNumberOfSharesOutstandingBasic
LMT,936468,2019-12-31,2019,4,280000000,2019-12-31,10-K,CommonStockSharesOutstanding
LMT,936468,2020-03-31,2020,1,281300000,2020-03-29,10-Q,WeightedAverageNumberOfSharesOutstandingBasic
LMT,936468,2020-06-30,2020,2,280500000,2020-06-28,10-Q,WeightedAverageNumberOfSharesOutstandingBasic
LMT,936468,2020-09-30,2020,3,280100000,2020-09-27,10-Q,WeightedAverageNumberOfSharesOutstandingBasic
LMT,936468,2020-12-31,2020,4,279000000,2020-12-31,10-K,CommonStockSharesOutstanding
LMT,936468,2021-03-31,2021,1,279000000,2021-03-28,10-Q,WeightedAverageNumberOfSharesOutstandingBasic
LMT,936468,2021-06-30,2021,2,278100000,2021-06-27,10-Q,WeightedAverageNumberOfSharesOutstandingBasic
LMT,936468,2021-09-30,2021,3,277500000,2021-09-26,10-Q,WeightedAverageNumberOfSharesOutstandingBasic
LMT,936468,2021-12-31,2021,4,271000000,2021-12-31,10-K,CommonStockSharesOutstanding
LMT,936468,2022-03-31,2022,1,268300000,2022-03-27,10-Q,WeightedAverageNumberOfSharesOutstandingBasic
LMT,936468,2022-06-30,2022,2,267000000,2022-06-26,10-Q,WeightedAverageNumberOfSharesOutstandingBasic
LMT,936468,2022-09-30,2022,3,266000000,2022-09-25,10-Q,WeightedAverageNumberOfSharesOutstandingBasic
LMT,936468,2022-12-31,2022,4,254000000,2022-12-31,10-K,CommonStockSharesOutstanding
LMT,936468,2023-03-31,2023,1,254700000,2023-03-26,10-Q,WeightedAverageNumberOfSharesOutstandingBasic
LMT,936468,2023-06-30,2023,2,253700000,2023-06-25,10-Q,WeightedAverageNumberOfSharesOutstandingBasic
LMT,936468,2023-09-30,2023,3,252200000,2023-09-24,10-Q,WeightedAverageNumberOfSharesOutstandingBasic
LMT,936468,2023-12-31,2023,4,240000000,2023-12-31,10-K,CommonStockSharesOutstanding
LMT,936468,2024-03-31,2024,1,240700000,2024-03-31,10-Q,WeightedAverageNumberOfSharesOutstandingBasic
LMT,936468,2024-06-30,2024,2,239800000,2024-06-30,10-Q,WeightedAverageNumberOfSharesOutstandingBasic
LMT,936468,2024-09-30,2024,3,239000000,2024-09-29,10-Q,WeightedAverageNumberOfSharesOutstandingBasic
LMT,936468,2024-12-31,2024,4,234000000,2024-12-31,10-K,CommonStockSharesOutstanding
LMT,936468,2025-03-31,2025,1,234400000,2025-03-30,10-Q,WeightedAverageNumberOfSharesOutstandingBasic
LMT,936468,2025-06-30,2025,2,234000000,2025-06-29,10-Q,WeightedAverageNumberOfSharesOutstandingBasic
LMT,936468,2025-09-30,2025,3,233300000,2025-09-28,10-Q,WeightedAverageNumberOfSharesOutstandingBasic
LMT,936468,2025-12-31,2025,4,229000000,2025-12-31,10-K,CommonStockSharesOutstanding
NOC,1133421,2013-09-30,2013,3,223775721,2013-09-30,10-Q,CommonStockSharesOutstanding
NOC,1133421,2013-12-31,2013,4,217599230,2013-12-31,10-K,CommonStockSharesOutstanding
NOC,1133421,2014-03-31,2014,1,215007156,2014-03-31,10-Q,CommonStockSharesOutstanding
NOC,1133421,2014-06-30,2014,2,209127586,2014-06-30,10-Q,CommonStockSharesOutstanding
NOC,1133421,2014-09-30,2014,3,203176629,2014-09-30,10-Q,CommonStockSharesOutstanding
NOC,1133421,2014-12-31,2014,4,198930240,2014-12-31,10-K,CommonStockSharesOutstanding
NOC,1133421,2015-03-31,2015,1,195111898,2015-03-31,10-Q,CommonStockSharesOutstanding
NOC,1133421,2015-06-30,2015,2,188381212,2015-06-30,10-Q,CommonStockSharesOutstanding
NOC,1133421,2015-09-30,2015,3,182822622,2015-09-30,10-Q,CommonStockSharesOutstanding
NOC,1133421,2015-12-31,2015,4,181303083,2015-12-31,10-K,CommonStockSharesOutstanding
NOC,1133421,2016-03-31,2016,1,180828855,2016-03-31,10-Q,CommonStockSharesOutstanding
NOC,1133421,2016-06-30,2016,2,178956974,2016-06-30,10-Q,CommonStockSharesOutstanding
NOC,1133421,2016-09-30,2016,3,176784423,2016-09-30,10-Q,CommonStockSharesOutstanding
NOC,1133421,2016-12-31,2016,4,175068263,2016-12-31,10-K,CommonStockSharesOutstanding
NOC,1133421,2017-03-31,2017,1,174675878,2017-03-31,10-Q,CommonStockSharesOutstanding
NOC,1133421,2017-06-30,2017,2,174150501,2017-06-30,10-Q,CommonStockSharesOutstanding
NOC,1133421,2017-09-30,2017,3,174077667,2017-09-30,10-Q,CommonStockSharesOutstanding
NOC,1133421,2017-12-31,2017,4,174085619,2017-12-31,10-K,CommonStockSharesOutstanding
NOC,1133421,2018-03-31,2018,1,174382256,2018-03-31,10-Q,CommonStockSharesOutstanding
NOC,1133421,2018-06-30,2018,2,174254250,2018-06-30,10-Q,CommonStockSharesOutstanding
NOC,1133421,2018-09-30,2018,3,173727400,2018-09-30,10-Q,CommonStockSharesOutstanding
NOC,1133421,2018-12-31,2018,4,170607336,2018-12-31,10-K,CommonStockSharesOutstanding
NOC,1133421,2019-03-31,2019,1,169873750,2019-03-31,10-Q,CommonStockSharesOutstanding
NOC,1133421,2019-06-30,2019,2,169305793,2019-06-30,10-Q,CommonStockSharesOutstanding
NOC,1133421,2019-09-30,2019,3,168701653,2019-09-30,10-Q,CommonStockSharesOutstanding
NOC,1133421,2019-12-31,2019,4,167848424,2019-12-31,10-K,CommonStockSharesOutstanding
NOC,1133421,2020-03-31,2020,1,167099297,2020-03-31,10-Q,CommonStockSharesOutstanding
NOC,1133421,2020-06-30,2020,2,166708207,2020-06-30,10-Q,CommonStockSharesOutstanding
NOC,1133421,2020-09-30,2020,3,166715510,2020-09-30,10-Q,CommonStockSharesOutstanding
NOC,1133421,2020-12-31,2020,4,166717179,2020-12-31,10-K,CommonStockSharesOutstanding
NOC,1133421,2021-03-31,2021,1,160960496,2021-03-31,10-Q,CommonStockSharesOutstanding
NOC,1133421,2021-06-30,2021,2,160384110,2021-06-30,10-Q,CommonStockSharesOutstanding
NOC,1133421,2021-09-30,2021,3,158761485,2021-09-30,10-Q,CommonStockSharesOutstanding
NOC,1133421,2021-12-31,2021,4,156284423,2021-12-31,10-K,CommonStockSharesOutstanding
NOC,1133421,2022-03-31,2022,1,155581611,2022-03-31,10-Q,CommonStockSharesOutstanding
NOC,1133421,2022-06-30,2022,2,154876753,2022-06-30,10-Q,CommonStockSharesOutstanding
NOC,1133421,2022-09-30,2022,3,154093656,2022-09-30,10-Q,CommonStockSharesOutstanding
NOC,1133421,2022-12-31,2022,4,153157924,2022-12-31,10-K,CommonStockSharesOutstanding
NOC,1133421,2023-03-31,2023,1,151950074,2023-03-31,10-Q,CommonStockSharesOutstanding
NOC,1133421,2023-06-30,2023,2,151388972,2023-06-30,10-Q,CommonStockSharesOutstanding
NOC,1133421,2023-09-30,2023,3,150864851,2023-09-30,10-Q,CommonStockSharesOutstanding
NOC,1133421,2023-12-31,2023,4,150109271,2023-12-31,10-K,CommonStockSharesOutstanding
NOC,1133421,2024-03-31,2024,1,148088480,2024-03-31,10-Q,CommonStockSharesOutstanding
NOC,1133421,2024-06-30,2024,2,146463372,2024-06-30,10-Q,CommonStockSharesOutstanding
NOC,1133421,2024-09-30,2024,3,145813599,2024-09-30,10-Q,CommonStockSharesOutstanding
NOC,1133421,2024-12-31,2024,4,144952026,2024-12-31,10-K,CommonStockSharesOutstanding
NOC,1133421,2025-03-31,2025,1,144071022,2025-03-31,10-Q,CommonStockSharesOutstanding
NOC,1133421,2025-06-30,2025,2,143276021,2025-06-30,10-Q,CommonStockSharesOutstanding
NOC,1133421,2025-09-30,2025,3,142790278,2025-09-30,10-Q,CommonStockSharesOutstanding
NOC,1133421,2025-12-31,2025,4,141997194,2025-12-31,10-K,CommonStockSharesOutstanding
A,1090872,2013-09-30,2013,3,602000000,2013-10-31,10-Q,CommonStockSharesOutstanding
A,1090872,2013-12-31,2013,4,331808500,2013-12-01,10-K,EntityCommonStockSharesOutstanding
A,1090872,2014-03-31,2014,1,605000000,2014-04-30,10-Q,CommonStockSharesOutstanding
A,1090872,2014-06-30,2014,2,606000000,2014-07-31,10-Q,CommonStockSharesOutstanding
A,1090872,2014-09-30,2014,3,608000000,2014-10-31,10-Q,CommonStockSharesOutstanding
A,1090872,2014-12-31,2014,4,335321802,2014-12-01,10-K,EntityCommonStockSharesOutstanding
A,1090872,2015-03-31,2015,1,610000000,2015-04-30,10-Q,CommonStockSharesOutstanding
A,1090872,2015-06-30,2015,2,611000000,2015-07-31,10-Q,CommonStockSharesOutstanding
A,1090872,2015-09-30,2015,3,331403231,2015-08-31,10-Q,EntityCommonStockSharesOutstanding
A,1090872,2015-12-31,2015,4,332170890,2015-12-01,10-K,EntityCommonStockSharesOutstanding
A,1090872,2016-03-31,2016,1,612000000,2016-04-30,10-Q,CommonStockSharesOutstanding
A,1090872,2016-06-30,2016,2,613000000,2016-07-31,10-Q,CommonStockSharesOutstanding
A,1090872,2016-09-30,2016,3,324384755,2016-08-31,10-Q,EntityCommonStockSharesOutstanding
A,1090872,2016-12-31,2016,4,321747881,2016-12-01,10-K,EntityCommonStockSharesOutstanding
A,1090872,2017-03-31,2017,1,321000000,2017-04-30,10-Q,CommonStockSharesOutstanding
A,1090872,2017-06-30,2017,2,321337443,2017-05-31,10-Q,EntityCommonStockSharesOutstanding
A,1090872,2017-09-30,2017,3,321828003,2017-08-31,10-Q,EntityCommonStockSharesOutstanding
A,1090872,2017-12-31,2017,4,323018027,2017-12-01,10-K,EntityCommonStockSharesOutstanding
A,1090872,2018-03-31,2018,1,322000000,2018-04-30,10-Q,CommonStockSharesOutstanding
A,1090872,2018-06-30,2018,2,319000000,2018-07-31,10-Q,CommonStockSharesOutstanding
A,1090872,2018-09-30,2018,3,318000000,2018-10-31,10-Q,CommonStockSharesOutstanding
A,1090872,2018-12-31,2018,4,318533054,2018-12-10,10-K,EntityCommonStockSharesOutstanding
A,1090872,2019-03-31,2019,1,317000000,2019-04-30,10-Q,CommonStockSharesOutstanding
A,1090872,2019-06-30,2019,2,310000000,2019-07-31,10-Q,CommonStockSharesOutstanding
A,1090872,2019-09-30,2019,3,309000000,2019-10-31,10-Q,CommonStockSharesOutstanding
A,1090872,2019-12-31,2019,4,310183415,2019-12-10,10-K,EntityCommonStockSharesOutstanding
A,1090872,2020-03-31,2020,1,308000000,2020-04-30,10-Q,CommonStockSharesOutstanding
A,1090872,2020-06-30,2020,2,309000000,2020-07-31,10-Q,CommonStockSharesOutstanding
A,1090872,2020-09-30,2020,3,306000000,2020-10-31,10-K,CommonStockSharesOutstanding
A,1090872,2020-12-31,2020,4,306849526,2020-12-10,10-K,EntityCommonStockSharesOutstanding
A,1090872,2021-03-31,2021,1,303000000,2021-04-30,10-Q,CommonStockSharesOutstanding
A,1090872,2021-06-30,2021,2,303000000,2021-07-31,10-Q,CommonStockSharesOutstanding
A,1090872,2021-09-30,2021,3,302000000,2021-10-31,10-K,CommonStockSharesOutstanding
A,1090872,2021-12-31,2021,4,302000797,2021-12-08,10-K,EntityCommonStockSharesOutstanding
A,1090872,2022-03-31,2022,1,299000000,2022-04-30,10-Q,CommonStockSharesOutstanding
A,1090872,2022-06-30,2022,2,296000000,2022-07-31,10-Q,CommonStockSharesOutstanding
A,1090872,2022-09-30,2022,3,295000000,2022-10-31,10-K,CommonStockSharesOutstanding
A,1090872,2022-12-31,2022,4,296072040,2022-12-09,10-K,EntityCommonStockSharesOutstanding
A,1090872,2023-03-31,2023,1,295000000,2023-04-30,10-Q,CommonStockSharesOutstanding
A,1090872,2023-06-30,2023,2,293000000,2023-07-31,10-Q,CommonStockSharesOutstanding
A,1090872,2023-09-30,2023,3,292123241,2023-10-31,10-K,CommonStockSharesOutstanding
A,1090872,2023-12-31,2023,4,293004102,2023-12-08,10-K,EntityCommonStockSharesOutstanding
A,1090872,2024-03-31,2024,1,291587707,2024-04-30,10-Q,CommonStockSharesOutstanding
A,1090872,2024-06-30,2024,2,287529636,2024-07-31,10-Q,CommonStockSharesOutstanding
A,1090872,2024-09-30,2024,3,285193011,2024-10-31,10-K,CommonStockSharesOutstanding
A,1090872,2024-12-31,2024,4,285595302,2024-12-09,10-K,EntityCommonStockSharesOutstanding
A,1090872,2025-03-31,2025,1,283936028,2025-04-30,10-Q,CommonStockSharesOutstanding
A,1090872,2025-06-30,2025,2,283593838,2025-07-31,10-Q,CommonStockSharesOutstanding
A,1090872,2025-09-30,2025,3,283054377,2025-10-31,10-K,CommonStockSharesOutstanding
A,1090872,2025-12-31,2025,4,283498871,2025-12-10,10-K,EntityCommonStockSharesOutstanding
ABBV,1551152,2013-09-30,2013,3,1590861812,2013-09-30,10-Q,EntityCommonStockSharesOutstanding
ABBV,1551152,2013-12-31,2013,4,1589000000,2013-12-31,10-K,WeightedAverageNumberOfSharesOutstandingBasic
ABBV,1551152,2014-03-31,2014,1,1590066459,2014-03-31,10-Q,EntityCommonStockSharesOutstanding
ABBV,1551152,2014-06-30,2014,2,1591699124,2014-06-30,10-Q,EntityCommonStockSharesOutstanding
ABBV,1551152,2014-09-30,2014,3,1593265381,2014-09-30,10-Q,EntityCommonStockSharesOutstanding
ABBV,1551152,2014-12-31,2014,4,1595000000,2014-12-31,10-K,WeightedAverageNumberOfSharesOutstandingBasic
ABBV,1551152,2015-03-31,2015,1,1593076097,2015-03-31,10-Q,EntityCommonStockSharesOutstanding
ABBV,1551152,2015-06-30,2015,2,1655276338,2015-06-30,10-Q,EntityCommonStockSharesOutstanding
ABBV,1551152,2015-09-30,2015,3,1634746917,2015-09-30,10-Q,EntityCommonStockSharesOutstanding
ABBV,1551152,2015-12-31,2015,4,1625000000,2015-12-31,10-K,WeightedAverageNumberOfSharesOutstandingBasic
ABBV,1551152,2016-03-31,2016,1,1617358607,2016-03-31,10-Q,EntityCommonStockSharesOutstanding
ABBV,1551152,2016-06-30,2016,2,1628542359,2016-06-30,10-Q,EntityCommonStockSharesOutstanding
ABBV,1551152,2016-09-30,2016,3,1624000000,2016-09-30,10-Q,WeightedAverageNumberOfSharesOutstandingBasic
ABBV,1551152,2016-12-31,2016,4,1622000000,2016-12-31,10-K,WeightedAverageNumberOfSharesOutstandingBasic
ABBV,1551152,2017-03-31,2017,1,1597000000,2017-03-31,10-Q,WeightedAverageNumberOfSharesOutstandingBasic
ABBV,1551152,2017-06-30,2017,2,1595000000,2017-06-30,10-Q,WeightedAverageNumberOfSharesOutstandingBasic
ABBV,1551152,2017-09-30,2017,3,1596000000,2017-09-30,10-Q,WeightedAverageNumberOfSharesOutstandingBasic
ABBV,1551152,2017-12-31,2017,4,1596000000,2017-12-31,10-K,WeightedAverageNumberOfSharesOutstandingBasic
ABBV,1551152,2018-03-31,2018,1,1591000000,2018-03-31,10-Q,WeightedAverageNumberOfSharesOutstandingBasic
ABBV,1551152,2018-06-30,2018,2,1579000000,2018-06-30,10-Q,WeightedAverageNumberOfSharesOutstandingBasic
ABBV,1551152,2018-09-30,2018,3,1556000000,2018-09-30,10-Q,WeightedAverageNumberOfSharesOutstandingBasic
ABBV,1551152,2018-12-31,2018,4,1541000000,2018-12-31,10-K,WeightedAverageNumberOfSharesOutstandingBasic
ABBV,1551152,2019-03-31,2019,1,1480000000,2019-03-31,10-Q,WeightedAverageNumberOfSharesOutstandingBasic
ABBV,1551152,2019-06-30,2019,2,1480000000,2019-06-30,10-Q,WeightedAverageNumberOfSharesOutstandingBasic
ABBV,1551152,2019-09-30,2019,3,1480000000,2019-09-30,10-Q,WeightedAverageNumberOfSharesOutstandingBasic
ABBV,1551152,2019-12-31,2019,4,1481000000,2019-12-31,10-K,WeightedAverageNumberOfSharesOutstandingBasic
ABBV,1551152,2020-03-31,2020,1,1481000000,2020-03-31,10-Q,WeightedAverageNumberOfSharesOutstandingBasic
ABBV,1551152,2020-06-30,2020,2,1564000000,2020-06-30,10-Q,WeightedAverageNumberOfSharesOutstandingBasic
ABBV,1551152,2020-09-30,2020,3,1633000000,2020-09-30,10-Q,WeightedAverageNumberOfSharesOutstandingBasic
ABBV,1551152,2020-12-31,2020,4,1667000000,2020-12-31,10-K,WeightedAverageNumberOfSharesOutstandingBasic
ABBV,1551152,2021-03-31,2021,1,1769000000,2021-03-31,10-Q,WeightedAverageNumberOfSharesOutstandingBasic
ABBV,1551152,2021-06-30,2021,2,1769000000,2021-06-30,10-Q,WeightedAverageNumberOfSharesOutstandingBasic
ABBV,1551152,2021-09-30,2021,3,1769000000,2021-09-30,10-Q,WeightedAverageNumberOfSharesOutstandingBasic
ABBV,1551152,2021-12-31,2021,4,1770000000,2021-12-31,10-K,WeightedAverageNumberOfSharesOutstandingBasic
ABBV,1551152,2022-03-31,2022,1,1771000000,2022-03-31,10-Q,WeightedAverageNumberOfSharesOutstandingBasic
ABBV,1551152,2022-06-30,2022,2,1770000000,2022-06-30,10-Q,WeightedAverageNumberOfSharesOutstandingBasic
ABBV,1551152,2022-09-30,2022,3,1771000000,2022-09-30,10-Q,WeightedAverageNumberOfSharesOutstandingBasic
ABBV,1551152,2022-12-31,2022,4,1771000000,2022-12-31,10-K,WeightedAverageNumberOfSharesOutstandingBasic
ABBV,1551152,2023-03-31,2023,1,1770000000,2023-03-31,10-Q,WeightedAverageNumberOfSharesOutstandingBasic
ABBV,1551152,2023-06-30,2023,2,1768000000,2023-06-30,10-Q,WeightedAverageNumberOfSharesOutstandingBasic
ABBV,1551152,2023-09-30,2023,3,1768000000,2023-09-30,10-Q,WeightedAverageNumberOfSharesOutstandingBasic
ABBV,1551152,2023-12-31,2023,4,1768000000,2023-12-31,10-K,WeightedAverageNumberOfSharesOutstandingBasic
ABBV,1551152,2024-03-31,2024,1,1769000000,2024-03-31,10-Q,WeightedAverageNumberOfSharesOutstandingBasic
ABBV,1551152,2024-06-30,2024,2,1769000000,2024-06-30,10-Q,WeightedAverageNumberOfSharesOutstandingBasic
ABBV,1551152,2024-09-30,2024,3,1769000000,2024-09-30,10-Q,WeightedAverageNumberOfSharesOutstandingBasic
ABBV,1551152,2024-12-31,2024,4,1769000000,2024-12-31,10-K,WeightedAverageNumberOfSharesOutstandingBasic
ABBV,1551152,2025-03-31,2025,1,1768000000,2025-03-31,10-Q,WeightedAverageNumberOfSharesOutstandingBasic
ABBV,1551152,2025-06-30,2025,2,1768000000,2025-06-30,10-Q,WeightedAverageNumberOfSharesOutstandingBasic
ABBV,1551152,2025-09-30,2025,3,1769000000,2025-09-30,10-Q,WeightedAverageNumberOfSharesOutstandingBasic
ABBV,1551152,2025-12-31,2025,4,1769000000,2025-12-31,10-K,WeightedAverageNumberOfSharesOutstandingBasic
ABT,1800,2013-09-30,2013,3,1546185646,2013-09-30,10-Q,EntityCommonStockSharesOutstanding
ABT,1800,2013-12-31,2013,4,1558000000,2013-12-31,10-K,WeightedAverageNumberOfSharesOutstandingBasic
ABT,1800,2014-03-31,2014,1,1501938538,2014-03-31,10-Q,EntityCommonStockSharesOutstanding
ABT,1800,2014-06-30,2014,2,1503699033,2014-06-30,10-Q,EntityCommonStockSharesOutstanding
ABT,1800,2014-09-30,2014,3,1505790586,2014-09-30,10-Q,EntityCommonStockSharesOutstanding
ABT,1800,2014-12-31,2014,4,1516000000,2014-12-31,10-K,WeightedAverageNumberOfSharesOutstandingBasic
ABT,1800,2015-03-31,2015,1,1488757318,2015-03-31,10-Q,EntityCommonStockSharesOutstanding
ABT,1800,2015-06-30,2015,2,1490441465,2015-06-30,10-Q,EntityCommonStockSharesOutstanding
ABT,1800,2015-09-30,2015,3,1491719891,2015-09-30,10-Q,EntityCommonStockSharesOutstanding
ABT,1800,2015-12-31,2015,4,1496000000,2015-12-31,10-K,WeightedAverageNumberOfSharesOutstandingBasic
ABT,1800,2016-03-31,2016,1,1469152033,2016-03-31,10-Q,EntityCommonStockSharesOutstanding
ABT,1800,2016-06-30,2016,2,1469995415,2016-06-30,10-Q,EntityCommonStockSharesOutstanding
ABT,1800,2016-09-30,2016,3,1472309523,2016-09-30,10-Q,EntityCommonStockSharesOutstanding
ABT,1800,2016-12-31,2016,4,1477000000,2016-12-31,10-K,WeightedAverageNumberOfSharesOutstandingBasic
ABT,1800,2017-03-31,2017,1,1735272054,2017-03-31,10-Q,EntityCommonStockSharesOutstanding
ABT,1800,2017-06-30,2017,2,1737443264,2017-06-30,10-Q,EntityCommonStockSharesOutstanding
ABT,1800,2017-09-30,2017,3,1740600687,2017-09-30,10-Q,EntityCommonStockSharesOutstanding
ABT,1800,2017-12-31,2017,4,1740000000,2017-12-31,10-K,WeightedAverageNumberOfSharesOutstandingBasic
ABT,1800,2018-03-31,2018,1,1753187766,2018-03-31,10-Q,EntityCommonStockSharesOutstanding
ABT,1800,2018-06-30,2018,2,1754319284,2018-06-30,10-Q,EntityCommonStockSharesOutstanding
ABT,1800,2018-09-30,2018,3,1756333032,2018-09-30,10-Q,EntityCommonStockSharesOutstanding
ABT,1800,2018-12-31,2018,4,1758000000,2018-12-31,10-K,WeightedAverageNumberOfSharesOutstandingBasic
ABT,1800,2019-03-31,2019,1,1764181262,2019-03-31,10-Q,EntityCommonStockSharesOutstanding
ABT,1800,2019-06-30,2019,2,1767397615,2019-06-30,10-Q,EntityCommonStockSharesOutstanding
ABT,1800,2019-09-30,2019,3,1768455705,2019-09-30,10-Q,EntityCommonStockSharesOutstanding
ABT,1800,2019-12-31,2019,4,1768000000,2019-12-31,10-K,WeightedAverageNumberOfSharesOutstandingBasic
ABT,1800,2020-03-31,2020,1,1768845326,2020-03-31,10-Q,EntityCommonStockSharesOutstanding
ABT,1800,2020-06-30,2020,2,1770529999,2020-06-30,10-Q,EntityCommonStockSharesOutstanding
ABT,1800,2020-09-30,2020,3,1772361581,2020-09-30,10-Q,EntityCommonStockSharesOutstanding
ABT,1800,2020-12-31,2020,4,1773000000,2020-12-31,10-K,WeightedAverageNumberOfSharesOutstandingBasic
ABT,1800,2021-03-31,2021,1,1776820148,2021-03-31,10-Q,EntityCommonStockSharesOutstanding
ABT,1800,2021-06-30,2021,2,1772817349,2021-06-30,10-Q,EntityCommonStockSharesOutstanding
ABT,1800,2021-09-30,2021,3,1768286969,2021-09-30,10-Q,EntityCommonStockSharesOutstanding
ABT,1800,2021-12-31,2021,4,1775000000,2021-12-31,10-K,WeightedAverageNumberOfSharesOutstandingBasic
ABT,1800,2022-03-31,2022,1,1750942289,2022-03-31,10-Q,EntityCommonStockSharesOutstanding
ABT,1800,2022-06-30,2022,2,1751219743,2022-06-30,10-Q,EntityCommonStockSharesOutstanding
ABT,1800,2022-09-30,2022,3,1743573777,2022-09-30,10-Q,EntityCommonStockSharesOutstanding
ABT,1800,2022-12-31,2022,4,1753000000,2022-12-31,10-K,WeightedAverageNumberOfSharesOutstandingBasic
ABT,1800,2023-03-31,2023,1,1738946799,2023-03-31,10-Q,EntityCommonStockSharesOutstanding
ABT,1800,2023-06-30,2023,2,1735357980,2023-06-30,10-Q,EntityCommonStockSharesOutstanding
ABT,1800,2023-09-30,2023,3,1736058536,2023-09-30,10-Q,EntityCommonStockSharesOutstanding
ABT,1800,2023-12-31,2023,4,1740000000,2023-12-31,10-K,WeightedAverageNumberOfSharesOutstandingBasic
ABT,1800,2024-03-31,2024,1,1739633759,2024-03-31,10-Q,EntityCommonStockSharesOutstanding
ABT,1800,2024-06-30,2024,2,1739897004,2024-06-30,10-Q,EntityCommonStockSharesOutstanding
ABT,1800,2024-09-30,2024,3,1734455213,2024-09-30,10-Q,EntityCommonStockSharesOutstanding
ABT,1800,2024-12-31,2024,4,1740000000,2024-12-31,10-K,WeightedAverageNumberOfSharesOutstandingBasic
ABT,1800,2025-03-31,2025,1,1739836465,2025-03-31,10-Q,EntityCommonStockSharesOutstanding
ABT,1800,2025-06-30,2025,2,1740459014,2025-06-30,10-Q,EntityCommonStockSharesOutstanding
ABT,1800,2025-09-30,2025,3,1738871947,2025-09-30,10-Q,EntityCommonStockSharesOutstanding
ABT,1800,2025-12-31,2025,4,1741000000,2025-12-31,10-K,WeightedAverageNumberOfSharesOutstandingBasic
ACN,1467373,2013-09-30,2013,3,645536995,2013-08-31,10-K,WeightedAverageNumberOfSharesOutstandingBasic
ACN,1467373,2013-12-31,2013,4,636695545,2013-11-30,10-Q,WeightedAverageNumberOfSharesOutstandingBasic
ACN,1467373,2014-03-31,2014,1,636314554,2014-02-28,10-Q,WeightedAverageNumberOfSharesOutstandingBasic
ACN,1467373,2014-06-30,2014,2,635231759,2014-05-31,10-Q,WeightedAverageNumberOfSharesOutstandingBasic
ACN,1467373,2014-09-30,2014,3,634216250,2014-08-31,10-K,WeightedAverageNumberOfSharesOutstandingBasic
ACN,1467373,2014-12-31,2014,4,628439218,2014-11-30,10-Q,WeightedAverageNumberOfSharesOutstandingBasic
ACN,1467373,2015-03-31,2015,1,628338365,2015-02-28,10-Q,WeightedAverageNumberOfSharesOutstandingBasic
ACN,1467373,2015-06-30,2015,2,627523298,2015-05-31,10-Q,WeightedAverageNumberOfSharesOutstandingBasic
ACN,1467373,2015-09-30,2015,3,626799586,2015-08-31,10-K,WeightedAverageNumberOfSharesOutstandingBasic
ACN,1467373,2015-12-31,2015,4,626463124,2015-11-30,10-Q,WeightedAverageNumberOfSharesOutstandingBasic
ACN,1467373,2016-03-31,2016,1,626505960,2016-02-29,10-Q,WeightedAverageNumberOfSharesOutstandingBasic
ACN,1467373,2016-06-30,2016,2,625563431,2016-05-31,10-Q,WeightedAverageNumberOfSharesOutstandingBasic
ACN,1467373,2016-09-30,2016,3,624797820,2016-08-31,10-K,WeightedAverageNumberOfSharesOutstandingBasic
ACN,1467373,2016-12-31,2016,4,621569764,2016-11-30,10-Q,WeightedAverageNumberOfSharesOutstandingBasic
ACN,1467373,2017-03-31,2017,1,621787252,2017-02-28,10-Q,WeightedAverageNumberOfSharesOutstandingBasic
ACN,1467373,2017-06-30,2017,2,621025256,2017-05-31,10-Q,WeightedAverageNumberOfSharesOutstandingBasic
ACN,1467373,2017-09-30,2017,3,620104250,2017-08-31,10-K,WeightedAverageNumberOfSharesOutstandingBasic
ACN,1467373,2017-12-31,2017,4,615835525,2017-11-30,10-Q,WeightedAverageNumberOfSharesOutstandingBasic
ACN,1467373,2018-03-31,2018,1,616838561,2018-02-28,10-Q,WeightedAverageNumberOfSharesOutstandingBasic
ACN,1467373,2018-06-30,2018,2,624365464,2018-05-31,10-Q,WeightedAverageNumberOfSharesOutstandingBasic
ACN,1467373,2018-09-30,2018,3,628451742,2018-08-31,10-K,WeightedAverageNumberOfSharesOutstandingBasic
ACN,1467373,2018-12-31,2018,4,638877445,2018-11-30,10-Q,WeightedAverageNumberOfSharesOutstandingBasic
ACN,1467373,2019-03-31,2019,1,638750881,2019-02-28,10-Q,WeightedAverageNumberOfSharesOutstandingBasic
ACN,1467373,2019-06-30,2019,2,638439707,2019-05-31,10-Q,WeightedAverageNumberOfSharesOutstandingBasic
ACN,1467373,2019-09-30,2019,3,638098125,2019-08-31,10-K,WeightedAverageNumberOfSharesOutstandingBasic
ACN,1467373,2019-12-31,2019,4,635722309,2019-11-30,10-Q,WeightedAverageNumberOfSharesOutstandingBasic
ACN,1467373,2020-03-31,2020,1,636594169,2020-02-29,10-Q,WeightedAverageNumberOfSharesOutstandingBasic
ACN,1467373,2020-06-30,2020,2,636445172,2020-05-31,10-Q,WeightedAverageNumberOfSharesOutstandingBasic
ACN,1467373,2020-09-30,2020,3,636299913,2020-08-31,10-K,WeightedAverageNumberOfSharesOutstandingBasic
ACN,1467373,2020-12-31,2020,4,634271482,2020-11-30,10-Q,WeightedAverageNumberOfSharesOutstandingBasic
ACN,1467373,2021-03-31,2021,1,635137704,2021-02-28,10-Q,WeightedAverageNumberOfSharesOutstandingBasic
ACN,1467373,2021-06-30,2021,2,635151632,2021-05-31,10-Q,WeightedAverageNumberOfSharesOutstandingBasic
ACN,1467373,2021-09-30,2021,3,634745073,2021-08-31,10-K,WeightedAverageNumberOfSharesOutstandingBasic
ACN,1467373,2021-12-31,2021,4,632280932,2021-11-30,10-Q,WeightedAverageNumberOfSharesOutstandingBasic
ACN,1467373,2022-03-31,2022,1,633108627,2022-02-28,10-Q,WeightedAverageNumberOfSharesOutstandingBasic
ACN,1467373,2022-06-30,2022,2,632969487,2022-05-31,10-Q,WeightedAverageNumberOfSharesOutstandingBasic
ACN,1467373,2022-09-30,2022,3,632762710,2022-08-31,10-K,WeightedAverageNumberOfSharesOutstandingBasic
ACN,1467373,2022-12-31,2022,4,630137262,2022-11-30,10-Q,WeightedAverageNumberOfSharesOutstandingBasic
ACN,1467373,2023-03-31,2023,1,630485134,2023-02-28,10-Q,WeightedAverageNumberOfSharesOutstandingBasic
ACN,1467373,2023-06-30,2023,2,630826230,2023-05-31,10-Q,WeightedAverageNumberOfSharesOutstandingBasic
ACN,1467373,2023-09-30,2023,3,630608186,2023-08-31,10-K,WeightedAverageNumberOfSharesOutstandingBasic
ACN,1467373,2023-12-31,2023,4,627996111,2023-11-30,10-Q,WeightedAverageNumberOfSharesOutstandingBasic
ACN,1467373,2024-03-31,2024,1,628488831,2024-02-29,10-Q,WeightedAverageNumberOfSharesOutstandingBasic
ACN,1467373,2024-06-30,2024,2,628437255,2024-05-31,10-Q,WeightedAverageNumberOfSharesOutstandingBasic
ACN,1467373,2024-09-30,2024,3,627852613,2024-08-31,10-K,WeightedAverageNumberOfSharesOutstandingBasic
ACN,1467373,2024-12-31,2024,4,625676922,2024-11-30,10-Q,WeightedAverageNumberOfSharesOutstandingBasic
ACN,1467373,2025-03-31,2025,1,626247762,2025-02-28,10-Q,WeightedAverageNumberOfSharesOutstandingBasic
ACN,1467373,2025-06-30,2025,2,625606104,2025-05-31,10-Q,WeightedAverageNumberOfSharesOutstandingBasic
ACN,1467373,2025-09-30,2025,3,624891649,2025-08-31,10-K,WeightedAverageNumberOfSharesOutstandingBasic
ACN,1467373,2025-12-31,2025,4,619307086,2025-11-30,10-Q,WeightedAverageNumberOfSharesOutstandingBasic
ADBE,796343,2013-09-30,2013,3,499887325,2013-09-27,10-Q,EntityCommonStockSharesOutstanding
ADBE,796343,2013-12-31,2013,4,496604463,2014-01-17,10-K,EntityCommonStockSharesOutstanding
ADBE,796343,2014-03-31,2014,1,497730431,2014-03-21,10-Q,EntityCommonStockSharesOutstanding
ADBE,796343,2014-06-30,2014,2,497375239,2014-06-20,10-Q,EntityCommonStockSharesOutstanding
ADBE,796343,2014-09-30,2014,3,498738874,2014-09-19,10-Q,EntityCommonStockSharesOutstanding
ADBE,796343,2014-12-31,2014,4,498314061,2015-01-16,10-K,EntityCommonStockSharesOutstanding
ADBE,796343,2015-03-31,2015,1,500269100,2015-03-20,10-Q,EntityCommonStockSharesOutstanding
ADBE,796343,2015-06-30,2015,2,497645374,2015-06-19,10-Q,EntityCommonStockSharesOutstanding
ADBE,796343,2015-09-30,2015,3,498799349,2015-09-18,10-Q,EntityCommonStockSharesOutstanding
ADBE,796343,2015-12-31,2015,4,498330407,2016-01-15,10-K,EntityCommonStockSharesOutstanding
ADBE,796343,2016-03-31,2016,1,500209547,2016-03-25,10-Q,EntityCommonStockSharesOutstanding
ADBE,796343,2016-06-30,2016,2,498290892,2016-06-24,10-Q,EntityCommonStockSharesOutstanding
ADBE,796343,2016-09-30,2016,3,497227020,2016-09-23,10-Q,EntityCommonStockSharesOutstanding
ADBE,796343,2016-12-31,2016,4,494078475,2017-01-13,10-K,EntityCommonStockSharesOutstanding
ADBE,796343,2017-03-31,2017,1,494697996,2017-03-24,10-Q,EntityCommonStockSharesOutstanding
ADBE,796343,2017-06-30,2017,2,493405675,2017-06-23,10-Q,EntityCommonStockSharesOutstanding
ADBE,796343,2017-09-30,2017,3,492943014,2017-09-22,10-Q,EntityCommonStockSharesOutstanding
ADBE,796343,2017-12-31,2017,4,491578529,2018-01-12,10-K,EntityCommonStockSharesOutstanding
ADBE,796343,2018-03-31,2018,1,492470335,2018-03-23,10-Q,EntityCommonStockSharesOutstanding
ADBE,796343,2018-06-30,2018,2,489662656,2018-06-22,10-Q,EntityCommonStockSharesOutstanding
ADBE,796343,2018-09-30,2018,3,488133527,2018-09-21,10-Q,EntityCommonStockSharesOutstanding
ADBE,796343,2018-12-31,2018,4,487725915,2019-01-18,10-K,EntityCommonStockSharesOutstanding
ADBE,796343,2019-03-31,2019,1,487950943,2019-03-22,10-Q,EntityCommonStockSharesOutstanding
ADBE,796343,2019-06-30,2019,2,485438762,2019-06-21,10-Q,EntityCommonStockSharesOutstanding
ADBE,796343,2019-09-30,2019,3,484078609,2019-09-20,10-Q,EntityCommonStockSharesOutstanding
ADBE,796343,2019-12-31,2019,4,482130975,2020-01-10,10-K,EntityCommonStockSharesOutstanding
ADBE,796343,2020-03-31,2020,1,481800850,2020-03-20,10-Q,EntityCommonStockSharesOutstanding
ADBE,796343,2020-06-30,2020,2,479665239,2020-06-19,10-Q,EntityCommonStockSharesOutstanding
ADBE,796343,2020-09-30,2020,3,479718983,2020-09-18,10-Q,EntityCommonStockSharesOutstanding
ADBE,796343,2020-12-31,2020,4,478700000,2021-01-08,10-K,EntityCommonStockSharesOutstanding
ADBE,796343,2021-03-31,2021,1,478000000,2021-03-26,10-Q,EntityCommonStockSharesOutstanding
ADBE,796343,2021-06-30,2021,2,476400000,2021-06-25,10-Q,EntityCommonStockSharesOutstanding
ADBE,796343,2021-09-30,2021,3,475800000,2021-09-24,10-Q,EntityCommonStockSharesOutstanding
ADBE,796343,2021-12-31,2021,4,471700000,2022-01-14,10-K,EntityCommonStockSharesOutstanding
ADBE,796343,2022-03-31,2022,1,472500000,2022-03-25,10-Q,EntityCommonStockSharesOutstanding
ADBE,796343,2022-06-30,2022,2,468000000,2022-06-24,10-Q,EntityCommonStockSharesOutstanding
ADBE,796343,2022-09-30,2022,3,464900000,2022-09-23,10-Q,EntityCommonStockSharesOutstanding
ADBE,796343,2022-12-31,2022,4,457800000,2023-01-06,10-K,EntityCommonStockSharesOutstanding
ADBE,796343,2023-03-31,2023,1,458700000,2023-03-24,10-Q,EntityCommonStockSharesOutstanding
ADBE,796343,2023-06-30,2023,2,455800000,2023-06-23,10-Q,EntityCommonStockSharesOutstanding
ADBE,796343,2023-09-30,2023,3,455300000,2023-09-22,10-Q,EntityCommonStockSharesOutstanding
ADBE,796343,2023-12-31,2023,4,452000000,2024-01-05,10-K,EntityCommonStockSharesOutstanding
ADBE,796343,2024-03-31,2024,1,448000000,2024-03-22,10-Q,EntityCommonStockSharesOutstanding
ADBE,796343,2024-06-30,2024,2,443400000,2024-06-21,10-Q,EntityCommonStockSharesOutstanding
ADBE,796343,2024-09-30,2024,3,440200000,2024-09-20,10-Q,EntityCommonStockSharesOutstanding
ADBE,796343,2024-12-31,2024,4,435300000,2025-01-03,10-K,EntityCommonStockSharesOutstanding
ADBE,796343,2025-03-31,2025,1,426200000,2025-03-21,10-Q,EntityCommonStockSharesOutstanding
ADBE,796343,2025-06-30,2025,2,424200000,2025-06-20,10-Q,EntityCommonStockSharesOutstanding
ADBE,796343,2025-09-30,2025,3,418600000,2025-09-19,10-Q,EntityCommonStockSharesOutstanding
ADBE,796343,2025-12-31,2025,4,410500000,2026-01-09,10-K,EntityCommonStockSharesOutstanding
ADI,6281,2013-09-30,2013,3,311045084,2013-11-02,10-K,CommonStockSharesOutstanding
ADI,6281,2013-12-31,2013,4,312527904,2014-02-01,10-Q,CommonStockSharesOutstanding
ADI,6281,2014-03-31,2014,1,314145403,2014-05-03,10-Q,CommonStockSharesOutstanding
ADI,6281,2014-06-30,2014,2,314212784,2014-08-02,10-Q,CommonStockSharesOutstanding
ADI,6281,2014-09-30,2014,3,311204926,2014-11-01,10-K,CommonStockSharesOutstanding
ADI,6281,2014-12-31,2014,4,311627385,2015-01-31,10-Q,CommonStockSharesOutstanding
ADI,6281,2015-03-31,2015,1,313541685,2015-05-02,10-Q,CommonStockSharesOutstanding
ADI,6281,2015-06-30,2015,2,313674772,2015-08-01,10-Q,CommonStockSharesOutstanding
ADI,6281,2015-09-30,2015,3,312060682,2015-10-31,10-K,CommonStockSharesOutstanding
ADI,6281,2015-12-31,2015,4,310019122,2016-01-30,10-Q,CommonStockSharesOutstanding
ADI,6281,2016-03-31,2016,1,307349804,2016-04-30,10-Q,CommonStockSharesOutstanding
ADI,6281,2016-06-30,2016,2,307474197,2016-07-30,10-Q,CommonStockSharesOutstanding
ADI,6281,2016-09-30,2016,3,308170560,2016-10-29,10-K,CommonStockSharesOutstanding
ADI,6281,2016-12-31,2016,4,309206677,2017-01-28,10-Q,CommonStockSharesOutstanding
ADI,6281,2017-03-31,2017,1,367011463,2017-04-29,10-Q,CommonStockSharesOutstanding
ADI,6281,2017-06-30,2017,2,367667745,2017-07-29,10-Q,CommonStockSharesOutstanding
ADI,6281,2017-09-30,2017,3,368635788,2017-10-28,10-K,CommonStockSharesOutstanding
ADI,6281,2017-12-31,2017,4,369803589,2018-02-03,10-Q,CommonStockSharesOutstanding
ADI,6281,2018-03-31,2018,1,370897292,2018-05-05,10-Q,CommonStockSharesOutstanding
ADI,6281,2018-06-30,2018,2,371669966,2018-08-04,10-Q,CommonStockSharesOutstanding
ADI,6281,2018-09-30,2018,3,370159553,2018-11-03,10-K,CommonStockSharesOutstanding
ADI,6281,2018-12-31,2018,4,368314314,2019-02-02,10-Q,CommonStockSharesOutstanding
ADI,6281,2019-03-31,2019,1,369761227,2019-05-04,10-Q,CommonStockSharesOutstanding
ADI,6281,2019-06-30,2019,2,369406136,2019-08-03,10-Q,CommonStockSharesOutstanding
ADI,6281,2019-09-30,2019,3,368302369,2019-11-02,10-K,CommonStockSharesOutstanding
ADI,6281,2019-12-31,2019,4,368220091,2020-02-01,10-Q,CommonStockSharesOutstanding
ADI,6281,2020-03-31,2020,1,368424615,2020-05-02,10-Q,CommonStockSharesOutstanding
ADI,6281,2020-06-30,2020,2,369166257,2020-08-01,10-Q,CommonStockSharesOutstanding
ADI,6281,2020-09-30,2020,3,369484899,2020-10-31,10-K,CommonStockSharesOutstanding
ADI,6281,2020-12-31,2020,4,368893742,2021-01-30,10-Q,CommonStockSharesOutstanding
ADI,6281,2021-03-31,2021,1,368826918,2021-05-01,10-Q,CommonStockSharesOutstanding
ADI,6281,2021-06-30,2021,2,368214341,2021-07-31,10-Q,CommonStockSharesOutstanding
ADI,6281,2021-09-30,2021,3,525330672,2021-10-30,10-K,CommonStockSharesOutstanding
ADI,6281,2021-12-31,2021,4,523315130,2022-01-29,10-Q,CommonStockSharesOutstanding
ADI,6281,2022-03-31,2022,1,519806028,2022-04-30,10-Q,CommonStockSharesOutstanding
ADI,6281,2022-06-30,2022,2,514341531,2022-07-30,10-Q,CommonStockSharesOutstanding
ADI,6281,2022-09-30,2022,3,509295941,2022-10-29,10-K,CommonStockSharesOutstanding
ADI,6281,2022-12-31,2022,4,505852499,2023-01-28,10-Q,CommonStockSharesOutstanding
ADI,6281,2023-03-31,2023,1,501418304,2023-04-29,10-Q,CommonStockSharesOutstanding
ADI,6281,2023-06-30,2023,2,498313956,2023-07-29,10-Q,CommonStockSharesOutstanding
ADI,6281,2023-09-30,2023,3,496261678,2023-10-28,10-K,CommonStockSharesOutstanding
ADI,6281,2023-12-31,2023,4,495908150,2024-02-03,10-Q,CommonStockSharesOutstanding
ADI,6281,2024-03-31,2024,1,496216857,2024-05-04,10-Q,CommonStockSharesOutstanding
ADI,6281,2024-06-30,2024,2,496493455,2024-08-03,10-Q,CommonStockSharesOutstanding
ADI,6281,2024-09-30,2024,3,496296854,2024-11-02,10-K,CommonStockSharesOutstanding
ADI,6281,2024-12-31,2024,4,495976483,2025-02-01,10-Q,CommonStockSharesOutstanding
ADI,6281,2025-03-31,2025,1,496248196,2025-05-03,10-Q,CommonStockSharesOutstanding
ADI,6281,2025-06-30,2025,2,491955436,2025-08-02,10-Q,CommonStockSharesOutstanding
ADI,6281,2025-09-30,2025,3,489654097,2025-11-01,10-K,CommonStockSharesOutstanding
ADI,6281,2025-12-31,2025,4,488204157,2026-01-31,10-Q,CommonStockSharesOutstanding
ADM,7084,2013-09-30,2013,3,661000000,2013-09-30,10-Q,WeightedAverageNumberOfSharesOutstandingBasic
ADM,7084,2013-12-31,2013,4,661000000,2013-12-31,10-K,WeightedAverageNumberOfSharesOutstandingBasic
ADM,7084,2014-03-31,2014,1,660000000,2014-03-31,10-Q,WeightedAverageNumberOfSharesOutstandingBasic
ADM,7084,2014-06-30,2014,2,658000000,2014-06-30,10-Q,WeightedAverageNumberOfSharesOutstandingBasic
ADM,7084,2014-09-30,2014,3,655000000,2014-09-30,10-Q,WeightedAverageNumberOfSharesOutstandingBasic
ADM,7084,2014-12-31,2014,4,653000000,2014-12-31,10-K,WeightedAverageNumberOfSharesOutstandingBasic
ADM,7084,2015-03-31,2015,1,636000000,2015-03-31,10-Q,WeightedAverageNumberOfSharesOutstandingBasic
ADM,7084,2015-06-30,2015,2,630000000,2015-06-30,10-Q,WeightedAverageNumberOfSharesOutstandingBasic
ADM,7084,2015-09-30,2015,3,624000000,2015-09-30,10-Q,WeightedAverageNumberOfSharesOutstandingBasic
ADM,7084,2015-12-31,2015,4,618000000,2015-12-31,10-K,WeightedAverageNumberOfSharesOutstandingBasic
ADM,7084,2016-03-31,2016,1,595000000,2016-03-31,10-Q,WeightedAverageNumberOfSharesOutstandingBasic
ADM,7084,2016-06-30,2016,2,593000000,2016-06-30,10-Q,WeightedAverageNumberOfSharesOutstandingBasic
ADM,7084,2016-09-30,2016,3,591000000,2016-09-30,10-Q,WeightedAverageNumberOfSharesOutstandingBasic
ADM,7084,2016-12-31,2016,4,588000000,2016-12-31,10-K,WeightedAverageNumberOfSharesOutstandingBasic
ADM,7084,2017-03-31,2017,1,576000000,2017-03-31,10-Q,WeightedAverageNumberOfSharesOutstandingBasic
ADM,7084,2017-06-30,2017,2,574000000,2017-06-30,10-Q,WeightedAverageNumberOfSharesOutstandingBasic
ADM,7084,2017-09-30,2017,3,571000000,2017-09-30,10-Q,WeightedAverageNumberOfSharesOutstandingBasic
ADM,7084,2017-12-31,2017,4,569000000,2017-12-31,10-K,WeightedAverageNumberOfSharesOutstandingBasic
ADM,7084,2018-03-31,2018,1,563000000,2018-03-31,10-Q,WeightedAverageNumberOfSharesOutstandingBasic
ADM,7084,2018-06-30,2018,2,564000000,2018-06-30,10-Q,WeightedAverageNumberOfSharesOutstandingBasic
ADM,7084,2018-09-30,2018,3,564000000,2018-09-30,10-Q,WeightedAverageNumberOfSharesOutstandingBasic
ADM,7084,2018-12-31,2018,4,564000000,2018-12-31,10-K,WeightedAverageNumberOfSharesOutstandingBasic
ADM,7084,2019-03-31,2019,1,565000000,2019-03-31,10-Q,WeightedAverageNumberOfSharesOutstandingBasic
ADM,7084,2019-06-30,2019,2,565000000,2019-06-30,10-Q,WeightedAverageNumberOfSharesOutstandingBasic
ADM,7084,2019-09-30,2019,3,564000000,2019-09-30,10-Q,WeightedAverageNumberOfSharesOutstandingBasic
ADM,7084,2019-12-31,2019,4,563000000,2019-12-31,10-K,WeightedAverageNumberOfSharesOutstandingBasic
ADM,7084,2020-03-31,2020,1,563000000,2020-03-31,10-Q,WeightedAverageNumberOfSharesOutstandingBasic
ADM,7084,2020-06-30,2020,2,562000000,2020-06-30,10-Q,WeightedAverageNumberOfSharesOutstandingBasic
ADM,7084,2020-09-30,2020,3,561000000,2020-09-30,10-Q,WeightedAverageNumberOfSharesOutstandingBasic
ADM,7084,2020-12-31,2020,4,561000000,2020-12-31,10-K,WeightedAverageNumberOfSharesOutstandingBasic
ADM,7084,2021-03-31,2021,1,563000000,2021-03-31,10-Q,WeightedAverageNumberOfSharesOutstandingBasic
ADM,7084,2021-06-30,2021,2,563000000,2021-06-30,10-Q,WeightedAverageNumberOfSharesOutstandingBasic
ADM,7084,2021-09-30,2021,3,564000000,2021-09-30,10-Q,WeightedAverageNumberOfSharesOutstandingBasic
ADM,7084,2021-12-31,2021,4,564000000,2021-12-31,10-K,WeightedAverageNumberOfSharesOutstandingBasic
ADM,7084,2022-03-31,2022,1,566000000,2022-03-31,10-Q,WeightedAverageNumberOfSharesOutstandingBasic
ADM,7084,2022-06-30,2022,2,566000000,2022-06-30,10-Q,WeightedAverageNumberOfSharesOutstandingBasic
ADM,7084,2022-09-30,2022,3,565000000,2022-09-30,10-Q,WeightedAverageNumberOfSharesOutstandingBasic
ADM,7084,2022-12-31,2022,4,562000000,2022-12-31,10-K,WeightedAverageNumberOfSharesOutstandingBasic
ADM,7084,2023-03-31,2023,1,550000000,2023-03-31,10-Q,WeightedAverageNumberOfSharesOutstandingBasic
ADM,7084,2023-06-30,2023,2,548000000,2023-06-30,10-Q,WeightedAverageNumberOfSharesOutstandingBasic
ADM,7084,2023-09-30,2023,3,545000000,2023-09-30,10-Q,WeightedAverageNumberOfSharesOutstandingBasic
ADM,7084,2023-12-31,2023,4,541000000,2023-12-31,10-K,WeightedAverageNumberOfSharesOutstandingBasic
ADM,7084,2024-03-31,2024,1,513000000,2024-03-31,10-Q,WeightedAverageNumberOfSharesOutstandingBasic
ADM,7084,2024-06-30,2024,2,503000000,2024-06-30,10-Q,WeightedAverageNumberOfSharesOutstandingBasic
ADM,7084,2024-09-30,2024,3,496000000,2024-09-30,10-Q,WeightedAverageNumberOfSharesOutstandingBasic
ADM,7084,2024-12-31,2024,4,492000000,2024-12-31,10-K,WeightedAverageNumberOfSharesOutstandingBasic
ADM,7084,2025-03-31,2025,1,483000000,2025-03-31,10-Q,WeightedAverageNumberOfSharesOutstandingBasic
ADM,7084,2025-06-30,2025,2,483000000,2025-06-30,10-Q,WeightedAverageNumberOfSharesOutstandingBasic
ADM,7084,2025-09-30,2025,3,484000000,2025-09-30,10-Q,WeightedAverageNumberOfSharesOutstandingBasic
ADM,7084,2025-12-31,2025,4,484000000,2025-12-31,10-K,WeightedAverageNumberOfSharesOutstandingBasic
ADP,8670,2013-09-30,2013,3,481800000,2013-09-30,10-Q,CommonStockSharesOutstanding
ADP,8670,2013-12-31,2013,4,481400000,2013-12-31,10-Q,CommonStockSharesOutstanding
ADP,8670,2014-03-31,2014,1,481900000,2014-03-31,10-Q,CommonStockSharesOutstanding
ADP,8670,2014-06-30,2014,2,480200000,2014-06-30,10-K,CommonStockSharesOutstanding
ADP,8670,2014-09-30,2014,3,481800000,2014-09-30,10-Q,CommonStockSharesOutstanding
ADP,8670,2014-12-31,2014,4,477100000,2014-12-31,10-Q,CommonStockSharesOutstanding
ADP,8670,2015-03-31,2015,1,471100000,2015-03-31,10-Q,CommonStockSharesOutstanding
ADP,8670,2015-06-30,2015,2,466400000,2015-06-30,10-K,CommonStockSharesOutstanding
ADP,8670,2015-09-30,2015,3,463400000,2015-09-30,10-Q,CommonStockSharesOutstanding
ADP,8670,2015-12-31,2015,4,458700000,2015-12-31,10-Q,CommonStockSharesOutstanding
ADP,8670,2016-03-31,2016,1,456100000,2016-03-31,10-Q,CommonStockSharesOutstanding
ADP,8670,2016-06-30,2016,2,455700000,2016-06-30,10-K,CommonStockSharesOutstanding
ADP,8670,2016-09-30,2016,3,453100000,2016-09-30,10-Q,CommonStockSharesOutstanding
ADP,8670,2016-12-31,2016,4,448900000,2016-12-31,10-Q,CommonStockSharesOutstanding
ADP,8670,2017-03-31,2017,1,447900000,2017-03-31,10-Q,CommonStockSharesOutstanding
ADP,8670,2017-06-30,2017,2,445000000,2017-06-30,10-K,CommonStockSharesOutstanding
ADP,8670,2017-09-30,2017,3,444000000,2017-09-30,10-Q,CommonStockSharesOutstanding
ADP,8670,2017-12-31,2017,4,442700000,2017-12-31,10-Q,CommonStockSharesOutstanding
ADP,8670,2018-03-31,2018,1,441700000,2018-03-31,10-Q,CommonStockSharesOutstanding
ADP,8670,2018-06-30,2018,2,438800000,2018-06-30,10-K,CommonStockSharesOutstanding
ADP,8670,2018-09-30,2018,3,438200000,2018-09-30,10-Q,CommonStockSharesOutstanding
ADP,8670,2018-12-31,2018,4,436200000,2018-12-31,10-Q,CommonStockSharesOutstanding
ADP,8670,2019-03-31,2019,1,435500000,2019-03-31,10-Q,CommonStockSharesOutstanding
ADP,8670,2019-06-30,2019,2,434200000,2019-06-30,10-K,CommonStockSharesOutstanding
ADP,8670,2019-09-30,2019,3,433400000,2019-09-30,10-Q,CommonStockSharesOutstanding
ADP,8670,2019-12-31,2019,4,431800000,2019-12-31,10-Q,CommonStockSharesOutstanding
ADP,8670,2020-03-31,2020,1,429800000,2020-03-31,10-Q,CommonStockSharesOutstanding
ADP,8670,2020-06-30,2020,2,429900000,2020-06-30,10-K,CommonStockSharesOutstanding
ADP,8670,2020-09-30,2020,3,429300000,2020-09-30,10-Q,CommonStockSharesOutstanding
ADP,8670,2020-12-31,2020,4,428100000,2020-12-31,10-Q,CommonStockSharesOutstanding
ADP,8670,2021-03-31,2021,1,426000000,2021-03-31,10-Q,CommonStockSharesOutstanding
ADP,8670,2021-06-30,2021,2,423700000,2021-06-30,10-K,CommonStockSharesOutstanding
ADP,8670,2021-09-30,2021,3,422000000,2021-09-30,10-Q,CommonStockSharesOutstanding
ADP,8670,2021-12-31,2021,4,420400000,2021-12-31,10-Q,CommonStockSharesOutstanding
ADP,8670,2022-03-31,2022,1,418200000,2022-03-31,10-Q,CommonStockSharesOutstanding
ADP,8670,2022-06-30,2022,2,416100000,2022-06-30,10-K,CommonStockSharesOutstanding
ADP,8670,2022-09-30,2022,3,415200000,2022-09-30,10-Q,CommonStockSharesOutstanding
ADP,8670,2022-12-31,2022,4,414400000,2022-12-31,10-Q,CommonStockSharesOutstanding
ADP,8670,2023-03-31,2023,1,413500000,2023-03-31,10-Q,CommonStockSharesOutstanding
ADP,8670,2023-06-30,2023,2,412100000,2023-06-30,10-K,CommonStockSharesOutstanding
ADP,8670,2023-09-30,2023,3,411700000,2023-09-30,10-Q,CommonStockSharesOutstanding
ADP,8670,2023-12-31,2023,4,410700000,2023-12-31,10-Q,CommonStockSharesOutstanding
ADP,8670,2024-03-31,2024,1,409800000,2024-03-31,10-Q,CommonStockSharesOutstanding
ADP,8670,2024-06-30,2024,2,408100000,2024-06-30,10-K,CommonStockSharesOutstanding
ADP,8670,2024-09-30,2024,3,407700000,2024-09-30,10-Q,CommonStockSharesOutstanding
ADP,8670,2024-12-31,2024,4,406900000,2024-12-31,10-Q,CommonStockSharesOutstanding
ADP,8670,2025-03-31,2025,1,406300000,2025-03-31,10-Q,CommonStockSharesOutstanding
ADP,8670,2025-06-30,2025,2,405300000,2025-06-30,10-K,CommonStockSharesOutstanding
ADP,8670,2025-09-30,2025,3,404900000,2025-09-30,10-Q,CommonStockSharesOutstanding
ADP,8670,2025-12-31,2025,4,403000000,2025-12-31,10-Q,CommonStockSharesOutstanding
ADSK,769397,2013-09-30,2013,3,223400000,2013-10-31,10-Q,WeightedAverageNumberOfSharesOutstandingBasic
ADSK,769397,2013-12-31,2013,4,226700000,2014-01-31,10-K,CommonStockSharesOutstanding
ADSK,769397,2014-03-31,2014,1,227000000,2014-04-30,10-Q,WeightedAverageNumberOfSharesOutstandingBasic
ADSK,769397,2014-06-30,2014,2,227100000,2014-07-31,10-Q,WeightedAverageNumberOfSharesOutstandingBasic
ADSK,769397,2014-09-30,2014,3,227100000,2014-10-31,10-Q,WeightedAverageNumberOfSharesOutstandingBasic
ADSK,769397,2014-12-31,2014,4,227520504,2014-12-02,10-Q,EntityCommonStockSharesOutstanding
ADSK,769397,2015-03-31,2015,1,227200000,2015-04-30,10-Q,WeightedAverageNumberOfSharesOutstandingBasic
ADSK,769397,2015-06-30,2015,2,227100000,2015-07-31,10-Q,WeightedAverageNumberOfSharesOutstandingBasic
ADSK,769397,2015-09-30,2015,3,226500000,2015-10-31,10-Q,WeightedAverageNumberOfSharesOutstandingBasic
ADSK,769397,2015-12-31,2015,4,224400000,2016-01-31,10-K,CommonStockSharesOutstanding
ADSK,769397,2016-03-31,2016,1,224493192,2016-03-09,10-K,EntityCommonStockSharesOutstanding
ADSK,769397,2016-06-30,2016,2,224656057,2016-05-31,10-Q,EntityCommonStockSharesOutstanding
ADSK,769397,2016-09-30,2016,3,223300000,2016-10-31,10-Q,WeightedAverageNumberOfSharesOutstandingBasic
ADSK,769397,2016-12-31,2016,4,220300000,2017-01-31,10-K,CommonStockSharesOutstanding
ADSK,769397,2017-03-31,2017,1,220849268,2017-03-10,10-K,EntityCommonStockSharesOutstanding
ADSK,769397,2017-06-30,2017,2,219700000,2017-07-31,10-Q,WeightedAverageNumberOfSharesOutstandingBasic
ADSK,769397,2017-09-30,2017,3,219700000,2017-10-31,10-Q,WeightedAverageNumberOfSharesOutstandingBasic
ADSK,769397,2017-12-31,2017,4,218300000,2018-01-31,10-K,CommonStockSharesOutstanding
ADSK,769397,2018-03-31,2018,1,218327862,2018-03-12,10-K,EntityCommonStockSharesOutstanding
ADSK,769397,2018-06-30,2018,2,219145087,2018-06-04,10-Q,EntityCommonStockSharesOutstanding
ADSK,769397,2018-09-30,2018,3,218700000,2018-10-31,10-Q,WeightedAverageNumberOfSharesOutstandingBasic
ADSK,769397,2018-12-31,2018,4,219400000,2019-01-31,10-K,CommonStockSharesOutstanding
ADSK,769397,2019-03-31,2019,1,219535216,2019-03-15,10-K,EntityCommonStockSharesOutstanding
ADSK,769397,2019-06-30,2019,2,219800000,2019-07-31,10-K,EntityCommonStockSharesOutstanding
ADSK,769397,2019-09-30,2019,3,219600000,2019-10-31,10-Q,WeightedAverageNumberOfSharesOutstandingBasic
ADSK,769397,2019-12-31,2019,4,219400000,2020-01-31,10-K,CommonStockSharesOutstanding
ADSK,769397,2020-03-31,2020,1,219521425,2020-03-13,10-K,EntityCommonStockSharesOutstanding
ADSK,769397,2020-06-30,2020,2,219200000,2020-07-31,10-Q,WeightedAverageNumberOfSharesOutstandingBasic
ADSK,769397,2020-09-30,2020,3,219400000,2020-10-31,10-Q,WeightedAverageNumberOfSharesOutstandingBasic
ADSK,769397,2020-12-31,2020,4,219600000,2021-01-31,10-K,CommonStockSharesOutstanding
ADSK,769397,2021-03-31,2021,1,219592294,2021-03-12,10-K,EntityCommonStockSharesOutstanding
ADSK,769397,2021-06-30,2021,2,220013315,2021-05-31,10-Q,EntityCommonStockSharesOutstanding
ADSK,769397,2021-09-30,2021,3,219800000,2021-10-31,10-Q,WeightedAverageNumberOfSharesOutstandingBasic
ADSK,769397,2021-12-31,2021,4,218200000,2022-01-31,10-K,CommonStockSharesOutstanding
ADSK,769397,2022-03-31,2022,1,217307974,2022-03-10,10-K,EntityCommonStockSharesOutstanding
ADSK,769397,2022-06-30,2022,2,217000000,2022-07-31,10-Q,WeightedAverageNumberOfSharesOutstandingBasic
ADSK,769397,2022-09-30,2022,3,217000000,2022-10-31,10-Q,WeightedAverageNumberOfSharesOutstandingBasic
ADSK,769397,2022-12-31,2022,4,215000000,2023-01-31,10-K,CommonStockSharesOutstanding
ADSK,769397,2023-03-31,2023,1,214782702,2023-03-07,10-K,EntityCommonStockSharesOutstanding
ADSK,769397,2023-06-30,2023,2,214000000,2023-07-31,10-Q,WeightedAverageNumberOfSharesOutstandingBasic
ADSK,769397,2023-09-30,2023,3,214000000,2023-10-31,10-Q,WeightedAverageNumberOfSharesOutstandingBasic
ADSK,769397,2023-12-31,2023,4,214000000,2024-01-31,10-K,CommonStockSharesOutstanding
ADSK,769397,2024-03-31,2024,1,215446979,2024-03-31,10-K,EntityCommonStockSharesOutstanding
ADSK,769397,2024-06-30,2024,2,215000000,2024-07-31,10-Q,WeightedAverageNumberOfSharesOutstandingBasic
ADSK,769397,2024-09-30,2024,3,215000000,2024-10-31,10-Q,WeightedAverageNumberOfSharesOutstandingBasic
ADSK,769397,2024-12-31,2024,4,214000000,2025-01-31,10-K,CommonStockSharesOutstanding
ADSK,769397,2025-03-31,2025,1,214000000,2025-04-30,10-Q,WeightedAverageNumberOfSharesOutstandingBasic
ADSK,769397,2025-06-30,2025,2,214000000,2025-07-31,10-Q,WeightedAverageNumberOfSharesOutstandingBasic
ADSK,769397,2025-09-30,2025,3,213000000,2025-10-31,10-Q,WeightedAverageNumberOfSharesOutstandingBasic
ADSK,769397,2025-12-31,2025,4,212000000,2026-01-31,10-K,CommonStockSharesOutstanding
AEE,1002910,2013-09-30,2013,3,242600000,2013-09-30,10-Q,CommonStockSharesOutstanding
AEE,1002910,2013-12-31,2013,4,242600000,2013-12-31,10-K,CommonStockSharesOutstanding
AEE,1002910,2014-03-31,2014,1,242600000,2014-03-31,10-Q,CommonStockSharesOutstanding
AEE,1002910,2014-06-30,2014,2,242600000,2014-06-30,10-Q,CommonStockSharesOutstanding
AEE,1002910,2014-09-30,2014,3,242600000,2014-09-30,10-Q,CommonStockSharesOutstanding
AEE,1002910,2014-12-31,2014,4,242600000,2014-12-31,10-K,CommonStockSharesOutstanding
AEE,1002910,2015-03-31,2015,1,242600000,2015-03-31,10-Q,CommonStockSharesOutstanding
AEE,1002910,2015-06-30,2015,2,242600000,2015-06-30,10-Q,CommonStockSharesOutstanding
AEE,1002910,2015-09-30,2015,3,242600000,2015-09-30,10-Q,CommonStockSharesOutstanding
AEE,1002910,2015-12-31,2015,4,242600000,2015-12-31,10-K,CommonStockSharesOutstanding
AEE,1002910,2016-03-31,2016,1,242600000,2016-03-31,10-Q,CommonStockSharesOutstanding
AEE,1002910,2016-06-30,2016,2,242600000,2016-06-30,10-Q,CommonStockSharesOutstanding
AEE,1002910,2016-09-30,2016,3,242600000,2016-09-30,10-Q,CommonStockSharesOutstanding
AEE,1002910,2016-12-31,2016,4,242600000,2016-12-31,10-K,CommonStockSharesOutstanding
AEE,1002910,2017-03-31,2017,1,242600000,2017-03-31,10-Q,CommonStockSharesOutstanding
AEE,1002910,2017-06-30,2017,2,242600000,2017-06-30,10-Q,CommonStockSharesOutstanding
AEE,1002910,2017-09-30,2017,3,242600000,2017-09-30,10-Q,CommonStockSharesOutstanding
AEE,1002910,2017-12-31,2017,4,242600000,2017-12-31,10-K,CommonStockSharesOutstanding
AEE,1002910,2018-03-31,2018,1,243600000,2018-03-31,10-Q,CommonStockSharesOutstanding
AEE,1002910,2018-06-30,2018,2,243600000,2018-06-30,10-Q,CommonStockSharesOutstanding
AEE,1002910,2018-09-30,2018,3,244200000,2018-09-30,10-Q,CommonStockSharesOutstanding
AEE,1002910,2018-12-31,2018,4,244500000,2018-12-31,10-K,CommonStockSharesOutstanding
AEE,1002910,2019-03-31,2019,1,245600000,2019-03-31,10-Q,CommonStockSharesOutstanding
AEE,1002910,2019-06-30,2019,2,245800000,2019-06-30,10-Q,CommonStockSharesOutstanding
AEE,1002910,2019-09-30,2019,3,246000000,2019-09-30,10-Q,CommonStockSharesOutstanding
AEE,1002910,2019-12-31,2019,4,246200000,2019-12-31,10-K,CommonStockSharesOutstanding
AEE,1002910,2020-03-31,2020,1,246900000,2020-03-31,10-Q,CommonStockSharesOutstanding
AEE,1002910,2020-06-30,2020,2,247100000,2020-06-30,10-Q,CommonStockSharesOutstanding
AEE,1002910,2020-09-30,2020,3,247200000,2020-09-30,10-Q,CommonStockSharesOutstanding
AEE,1002910,2020-12-31,2020,4,253300000,2020-12-31,10-K,CommonStockSharesOutstanding
AEE,1002910,2021-03-31,2021,1,255500000,2021-03-31,10-Q,CommonStockSharesOutstanding
AEE,1002910,2021-06-30,2021,2,257100000,2021-06-30,10-Q,CommonStockSharesOutstanding
AEE,1002910,2021-09-30,2021,3,257600000,2021-09-30,10-Q,CommonStockSharesOutstanding
AEE,1002910,2021-12-31,2021,4,257700000,2021-12-31,10-K,CommonStockSharesOutstanding
AEE,1002910,2022-03-31,2022,1,258200000,2022-03-31,10-Q,CommonStockSharesOutstanding
AEE,1002910,2022-06-30,2022,2,258400000,2022-06-30,10-Q,CommonStockSharesOutstanding
AEE,1002910,2022-09-30,2022,3,258500000,2022-09-30,10-Q,CommonStockSharesOutstanding
AEE,1002910,2022-12-31,2022,4,262000000,2022-12-31,10-K,CommonStockSharesOutstanding
AEE,1002910,2023-03-31,2023,1,262600000,2023-03-31,10-Q,CommonStockSharesOutstanding
AEE,1002910,2023-06-30,2023,2,262700000,2023-06-30,10-Q,CommonStockSharesOutstanding
AEE,1002910,2023-09-30,2023,3,262900000,2023-09-30,10-Q,CommonStockSharesOutstanding
AEE,1002910,2023-12-31,2023,4,266300000,2023-12-31,10-K,CommonStockSharesOutstanding
AEE,1002910,2024-03-31,2024,1,266600000,2024-03-31,10-Q,CommonStockSharesOutstanding
AEE,1002910,2024-06-30,2024,2,266800000,2024-06-30,10-Q,CommonStockSharesOutstanding
AEE,1002910,2024-09-30,2024,3,266900000,2024-09-30,10-Q,CommonStockSharesOutstanding
AEE,1002910,2024-12-31,2024,4,269900000,2024-12-31,10-K,CommonStockSharesOutstanding
AEE,1002910,2025-03-31,2025,1,270300000,2025-03-31,10-Q,CommonStockSharesOutstanding
AEE,1002910,2025-06-30,2025,2,270400000,2025-06-30,10-Q,CommonStockSharesOutstanding
AEE,1002910,2025-09-30,2025,3,270500000,2025-09-30,10-Q,CommonStockSharesOutstanding
AEE,1002910,2025-12-31,2025,4,276400000,2025-12-31,10-K,CommonStockSharesOutstanding
AEP,4904,2013-09-30,2013,3,486353876,2013-09-30,10-Q,WeightedAverageNumberOfSharesOutstandingBasic
AEP,4904,2013-12-31,2013,4,487777372,2013-12-31,10-K,EntityCommonStockSharesOutstanding
AEP,4904,2014-03-31,2014,1,487867089,2014-03-31,10-Q,WeightedAverageNumberOfSharesOutstandingBasic
AEP,4904,2014-06-30,2014,2,488080505,2014-06-30,10-Q,WeightedAverageNumberOfSharesOutstandingBasic
AEP,4904,2014-09-30,2014,3,488361017,2014-09-30,10-Q,WeightedAverageNumberOfSharesOutstandingBasic
AEP,4904,2014-12-31,2014,4,489402567,2014-12-31,10-K,EntityCommonStockSharesOutstanding
AEP,4904,2015-03-31,2015,1,489597986,2015-03-31,10-Q,WeightedAverageNumberOfSharesOutstandingBasic
AEP,4904,2015-06-30,2015,2,489904417,2015-06-30,10-Q,WeightedAverageNumberOfSharesOutstandingBasic
AEP,4904,2015-09-30,2015,3,490155315,2015-09-30,10-Q,WeightedAverageNumberOfSharesOutstandingBasic
AEP,4904,2015-12-31,2015,4,491052581,2015-12-31,10-K,EntityCommonStockSharesOutstanding
AEP,4904,2016-03-31,2016,1,491108392,2016-03-31,10-Q,WeightedAverageNumberOfSharesOutstandingBasic
AEP,4904,2016-06-30,2016,2,491283967,2016-06-30,10-Q,WeightedAverageNumberOfSharesOutstandingBasic
AEP,4904,2016-09-30,2016,3,491422921,2016-09-30,10-Q,WeightedAverageNumberOfSharesOutstandingBasic
AEP,4904,2016-12-31,2016,4,491711928,2016-12-31,10-K,EntityCommonStockSharesOutstanding
AEP,4904,2017-03-31,2017,1,491712042,2017-03-31,10-Q,WeightedAverageNumberOfSharesOutstandingBasic
AEP,4904,2017-06-30,2017,2,491751614,2017-06-30,10-Q,WeightedAverageNumberOfSharesOutstandingBasic
AEP,4904,2017-09-30,2017,3,491781643,2017-09-30,10-Q,WeightedAverageNumberOfSharesOutstandingBasic
AEP,4904,2017-12-31,2017,4,492005598,2017-12-31,10-K,EntityCommonStockSharesOutstanding
AEP,4904,2018-03-31,2018,1,492267402,2018-03-31,10-Q,WeightedAverageNumberOfSharesOutstandingBasic
AEP,4904,2018-06-30,2018,2,492479035,2018-06-30,10-Q,WeightedAverageNumberOfSharesOutstandingBasic
AEP,4904,2018-09-30,2018,3,492649456,2018-09-30,10-Q,WeightedAverageNumberOfSharesOutstandingBasic
AEP,4904,2018-12-31,2018,4,493245876,2018-12-31,10-K,EntityCommonStockSharesOutstanding
AEP,4904,2019-03-31,2019,1,493309076,2019-03-31,10-Q,WeightedAverageNumberOfSharesOutstandingBasic
AEP,4904,2019-06-30,2019,2,493447477,2019-06-30,10-Q,WeightedAverageNumberOfSharesOutstandingBasic
AEP,4904,2019-09-30,2019,3,493579430,2019-09-30,10-Q,WeightedAverageNumberOfSharesOutstandingBasic
AEP,4904,2019-12-31,2019,4,494169471,2019-12-31,10-K,EntityCommonStockSharesOutstanding
AEP,4904,2020-03-31,2020,1,494596869,2020-03-31,10-Q,WeightedAverageNumberOfSharesOutstandingBasic
AEP,4904,2020-06-30,2020,2,495125961,2020-06-30,10-Q,WeightedAverageNumberOfSharesOutstandingBasic
AEP,4904,2020-09-30,2020,3,495479190,2020-09-30,10-Q,WeightedAverageNumberOfSharesOutstandingBasic
AEP,4904,2020-12-31,2020,4,496604194,2020-12-31,10-K,EntityCommonStockSharesOutstanding
AEP,4904,2021-03-31,2021,1,497058635,2021-03-31,10-Q,WeightedAverageNumberOfSharesOutstandingBasic
AEP,4904,2021-06-30,2021,2,498495532,2021-06-30,10-Q,WeightedAverageNumberOfSharesOutstandingBasic
AEP,4904,2021-09-30,2021,3,499418278,2021-09-30,10-Q,WeightedAverageNumberOfSharesOutstandingBasic
AEP,4904,2021-12-31,2021,4,504212015,2021-12-31,10-K,EntityCommonStockSharesOutstanding
AEP,4904,2022-03-31,2022,1,506050147,2022-03-31,10-Q,WeightedAverageNumberOfSharesOutstandingBasic
AEP,4904,2022-06-30,2022,2,509857710,2022-06-30,10-Q,WeightedAverageNumberOfSharesOutstandingBasic
AEP,4904,2022-09-30,2022,3,511162723,2022-09-30,10-Q,WeightedAverageNumberOfSharesOutstandingBasic
AEP,4904,2022-12-31,2022,4,513866081,2022-12-31,10-K,EntityCommonStockSharesOutstanding
AEP,4904,2023-03-31,2023,1,514176648,2023-03-31,10-Q,WeightedAverageNumberOfSharesOutstandingBasic
AEP,4904,2023-06-30,2023,2,514529837,2023-06-30,10-Q,WeightedAverageNumberOfSharesOutstandingBasic
AEP,4904,2023-09-30,2023,3,516528239,2023-09-30,10-Q,WeightedAverageNumberOfSharesOutstandingBasic
AEP,4904,2023-12-31,2023,4,526184585,2023-12-31,10-K,EntityCommonStockSharesOutstanding
AEP,4904,2024-03-31,2024,1,526552036,2024-03-31,10-Q,WeightedAverageNumberOfSharesOutstandingBasic
AEP,4904,2024-06-30,2024,2,527725426,2024-06-30,10-Q,WeightedAverageNumberOfSharesOutstandingBasic
AEP,4904,2024-09-30,2024,3,529230818,2024-09-30,10-Q,WeightedAverageNumberOfSharesOutstandingBasic
AEP,4904,2024-12-31,2024,4,532907715,2024-12-31,10-K,EntityCommonStockSharesOutstanding
AEP,4904,2025-03-31,2025,1,533391487,2025-03-31,10-Q,WeightedAverageNumberOfSharesOutstandingBasic
AEP,4904,2025-06-30,2025,2,533839985,2025-06-30,10-Q,WeightedAverageNumberOfSharesOutstandingBasic
AEP,4904,2025-09-30,2025,3,534186206,2025-09-30,10-Q,WeightedAverageNumberOfSharesOutstandingBasic
AEP,4904,2025-12-31,2025,4,540861473,2025-12-31,10-K,EntityCommonStockSharesOutstanding
AES,874761,2013-09-30,2013,3,742245268,2013-09-30,10-Q,CommonStockSharesOutstanding
AES,874761,2013-12-31,2013,4,722508342,2013-12-31,10-K,CommonStockSharesOutstanding
AES,874761,2014-03-31,2014,1,725308630,2014-03-31,10-Q,CommonStockSharesOutstanding
AES,874761,2014-06-30,2014,2,723221508,2014-06-30,10-Q,CommonStockSharesOutstanding
AES,874761,2014-09-30,2014,3,715960427,2014-09-30,10-Q,CommonStockSharesOutstanding
AES,874761,2014-12-31,2014,4,703851297,2014-12-31,10-K,CommonStockSharesOutstanding
AES,874761,2015-03-31,2015,1,702899220,2015-03-31,10-Q,CommonStockSharesOutstanding
AES,874761,2015-06-30,2015,2,682607128,2015-06-30,10-Q,CommonStockSharesOutstanding
AES,874761,2015-09-30,2015,3,674461074,2015-09-30,10-Q,CommonStockSharesOutstanding
AES,874761,2015-12-31,2015,4,666808790,2015-12-31,10-K,CommonStockSharesOutstanding
AES,874761,2016-03-31,2016,1,658997660,2016-03-31,10-Q,CommonStockSharesOutstanding
AES,874761,2016-06-30,2016,2,659001121,2016-06-30,10-Q,CommonStockSharesOutstanding
AES,874761,2016-09-30,2016,3,659175940,2016-09-30,10-Q,CommonStockSharesOutstanding
AES,874761,2016-12-31,2016,4,659182232,2016-12-31,10-K,CommonStockSharesOutstanding
AES,874761,2017-03-31,2017,1,660108793,2017-03-31,10-Q,CommonStockSharesOutstanding
AES,874761,2017-06-30,2017,2,660191726,2017-06-30,10-Q,CommonStockSharesOutstanding
AES,874761,2017-09-30,2017,3,660386566,2017-09-30,10-Q,CommonStockSharesOutstanding
AES,874761,2017-12-31,2017,4,660388128,2017-12-31,10-K,CommonStockSharesOutstanding
AES,874761,2018-03-31,2018,1,661364449,2018-03-31,10-Q,CommonStockSharesOutstanding
AES,874761,2018-06-30,2018,2,661528835,2018-06-30,10-Q,CommonStockSharesOutstanding
AES,874761,2018-09-30,2018,3,662297479,2018-09-30,10-Q,CommonStockSharesOutstanding
AES,874761,2018-12-31,2018,4,662298096,2018-12-31,10-K,CommonStockSharesOutstanding
AES,874761,2019-03-31,2019,1,663694956,2019-03-31,10-Q,CommonStockSharesOutstanding
AES,874761,2019-06-30,2019,2,663797594,2019-06-30,10-Q,CommonStockSharesOutstanding
AES,874761,2019-09-30,2019,3,663892656,2019-09-30,10-Q,CommonStockSharesOutstanding
AES,874761,2019-12-31,2019,4,663952656,2019-12-31,10-K,CommonStockSharesOutstanding
AES,874761,2020-03-31,2020,1,664907475,2020-03-31,10-Q,CommonStockSharesOutstanding
AES,874761,2020-06-30,2020,2,664935827,2020-06-30,10-Q,CommonStockSharesOutstanding
AES,874761,2020-09-30,2020,3,665131148,2020-09-30,10-Q,CommonStockSharesOutstanding
AES,874761,2020-12-31,2020,4,665370128,2020-12-31,10-K,CommonStockSharesOutstanding
AES,874761,2021-03-31,2021,1,666257334,2021-03-31,10-Q,CommonStockSharesOutstanding
AES,874761,2021-06-30,2021,2,666329509,2021-06-30,10-Q,CommonStockSharesOutstanding
AES,874761,2021-09-30,2021,3,666713829,2021-09-30,10-Q,CommonStockSharesOutstanding
AES,874761,2021-12-31,2021,4,666793625,2021-12-31,10-K,CommonStockSharesOutstanding
AES,874761,2022-03-31,2022,1,667859645,2022-03-31,10-Q,CommonStockSharesOutstanding
AES,874761,2022-06-30,2022,2,667878925,2022-06-30,10-Q,CommonStockSharesOutstanding
AES,874761,2022-09-30,2022,3,667949778,2022-09-30,10-Q,CommonStockSharesOutstanding
AES,874761,2022-12-31,2022,4,668743464,2022-12-31,10-K,CommonStockSharesOutstanding
AES,874761,2023-03-31,2023,1,669335716,2023-03-31,10-Q,CommonStockSharesOutstanding
AES,874761,2023-06-30,2023,2,669385716,2023-06-30,10-Q,CommonStockSharesOutstanding
AES,874761,2023-09-30,2023,3,669629035,2023-09-30,10-Q,CommonStockSharesOutstanding
AES,874761,2023-12-31,2023,4,669693234,2023-12-31,10-K,CommonStockSharesOutstanding
AES,874761,2024-03-31,2024,1,710644647,2024-03-31,10-Q,CommonStockSharesOutstanding
AES,874761,2024-06-30,2024,2,710823239,2024-06-30,10-Q,CommonStockSharesOutstanding
AES,874761,2024-09-30,2024,3,711027043,2024-09-30,10-Q,CommonStockSharesOutstanding
AES,874761,2024-12-31,2024,4,711074269,2024-12-31,10-K,CommonStockSharesOutstanding
AES,874761,2025-03-31,2025,1,711908057,2025-03-31,10-Q,CommonStockSharesOutstanding
AES,874761,2025-06-30,2025,2,711922815,2025-06-30,10-Q,CommonStockSharesOutstanding
AES,874761,2025-09-30,2025,3,712120944,2025-09-30,10-Q,CommonStockSharesOutstanding
AES,874761,2025-12-31,2025,4,712201777,2025-12-31,10-K,CommonStockSharesOutstanding
AFL,4977,2013-09-30,2013,3,465710000,2013-09-30,10-Q,CommonStockSharesOutstanding
AFL,4977,2013-12-31,2013,4,459413000,2013-12-31,10-K,CommonStockSharesOutstanding
AFL,4977,2014-03-31,2014,1,454028000,2014-03-31,10-Q,CommonStockSharesOutstanding
AFL,4977,2014-06-30,2014,2,452950000,2014-06-30,10-Q,CommonStockSharesOutstanding
AFL,4977,2014-09-30,2014,3,450499000,2014-09-30,10-Q,CommonStockSharesOutstanding
AFL,4977,2014-12-31,2014,4,442445000,2014-12-31,10-K,CommonStockSharesOutstanding
AFL,4977,2015-03-31,2015,1,433771000,2015-03-31,10-Q,CommonStockSharesOutstanding
AFL,4977,2015-06-30,2015,2,430617000,2015-06-30,10-Q,CommonStockSharesOutstanding
AFL,4977,2015-09-30,2015,3,427567000,2015-09-30,10-Q,CommonStockSharesOutstanding
AFL,4977,2015-12-31,2015,4,424380000,2015-12-31,10-K,CommonStockSharesOutstanding
AFL,4977,2016-03-31,2016,1,415203000,2016-03-31,10-Q,CommonStockSharesOutstanding
AFL,4977,2016-06-30,2016,2,410115000,2016-06-30,10-Q,CommonStockSharesOutstanding
AFL,4977,2016-09-30,2016,3,408021000,2016-09-30,10-Q,CommonStockSharesOutstanding
AFL,4977,2016-12-31,2016,4,405810000,2016-12-31,10-K,CommonStockSharesOutstanding
AFL,4977,2017-03-31,2017,1,398002000,2017-03-31,10-Q,CommonStockSharesOutstanding
AFL,4977,2017-06-30,2017,2,395999000,2017-06-30,10-Q,CommonStockSharesOutstanding
AFL,4977,2017-09-30,2017,3,393875000,2017-09-30,10-Q,CommonStockSharesOutstanding
AFL,4977,2017-12-31,2017,4,390455000,2017-12-31,10-K,CommonStockSharesOutstanding
AFL,4977,2018-03-31,2018,1,775757000,2018-03-31,10-Q,CommonStockSharesOutstanding
AFL,4977,2018-06-30,2018,2,769272000,2018-06-30,10-Q,CommonStockSharesOutstanding
AFL,4977,2018-09-30,2018,3,763113000,2018-09-30,10-Q,CommonStockSharesOutstanding
AFL,4977,2018-12-31,2018,4,755286000,2018-12-31,10-K,CommonStockSharesOutstanding
AFL,4977,2019-03-31,2019,1,746487000,2019-03-31,10-Q,CommonStockSharesOutstanding
AFL,4977,2019-06-30,2019,2,740465000,2019-06-30,10-Q,CommonStockSharesOutstanding
AFL,4977,2019-09-30,2019,3,735130000,2019-09-30,10-Q,CommonStockSharesOutstanding
AFL,4977,2019-12-31,2019,4,726793000,2019-12-31,10-K,CommonStockSharesOutstanding
AFL,4977,2020-03-31,2020,1,718382000,2020-03-31,10-Q,CommonStockSharesOutstanding
AFL,4977,2020-06-30,2020,2,713908000,2020-06-30,10-Q,CommonStockSharesOutstanding
AFL,4977,2020-09-30,2020,3,703574000,2020-09-30,10-Q,CommonStockSharesOutstanding
AFL,4977,2020-12-31,2020,4,692454000,2020-12-31,10-K,CommonStockSharesOutstanding
AFL,4977,2021-03-31,2021,1,680707000,2021-03-31,10-Q,CommonStockSharesOutstanding
AFL,4977,2021-06-30,2021,2,671990000,2021-06-30,10-Q,CommonStockSharesOutstanding
AFL,4977,2021-09-30,2021,3,662817000,2021-09-30,10-Q,CommonStockSharesOutstanding
AFL,4977,2021-12-31,2021,4,652132000,2021-12-31,10-K,CommonStockSharesOutstanding
AFL,4977,2022-03-31,2022,1,645349000,2022-03-31,10-Q,CommonStockSharesOutstanding
AFL,4977,2022-06-30,2022,2,634526000,2022-06-30,10-Q,CommonStockSharesOutstanding
AFL,4977,2022-09-30,2022,3,623868000,2022-09-30,10-Q,CommonStockSharesOutstanding
AFL,4977,2022-12-31,2022,4,615256000,2022-12-31,10-K,CommonStockSharesOutstanding
AFL,4977,2023-03-31,2023,1,605952000,2023-03-31,10-Q,CommonStockSharesOutstanding
AFL,4977,2023-06-30,2023,2,595969000,2023-06-30,10-Q,CommonStockSharesOutstanding
AFL,4977,2023-09-30,2023,3,586897000,2023-09-30,10-Q,CommonStockSharesOutstanding
AFL,4977,2023-12-31,2023,4,578479000,2023-12-31,10-K,CommonStockSharesOutstanding
AFL,4977,2024-03-31,2024,1,570278000,2024-03-31,10-Q,CommonStockSharesOutstanding
AFL,4977,2024-06-30,2024,2,561369000,2024-06-30,10-Q,CommonStockSharesOutstanding
AFL,4977,2024-09-30,2024,3,556717000,2024-09-30,10-Q,CommonStockSharesOutstanding
AFL,4977,2024-12-31,2024,4,549964000,2024-12-31,10-K,CommonStockSharesOutstanding
AFL,4977,2025-03-31,2025,1,542493000,2025-03-31,10-Q,CommonStockSharesOutstanding
AFL,4977,2025-06-30,2025,2,534809000,2025-06-30,10-Q,CommonStockSharesOutstanding
AFL,4977,2025-09-30,2025,3,525710000,2025-09-30,10-Q,CommonStockSharesOutstanding
AFL,4977,2025-12-31,2025,4,518690000,2025-12-31,10-K,CommonStockSharesOutstanding
AIG,5272,2013-09-30,2013,3,1476007034,2013-09-30,10-Q,WeightedAverageNumberOfSharesOutstandingBasic
AIG,5272,2013-12-31,2013,4,1464063323,2013-12-31,10-K,CommonStockSharesOutstanding
AIG,5272,2014-03-31,2014,1,1459249393,2014-03-31,10-Q,WeightedAverageNumberOfSharesOutstandingBasic
AIG,5272,2014-06-30,2014,2,1450776629,2014-06-30,10-Q,WeightedAverageNumberOfSharesOutstandingBasic
AIG,5272,2014-09-30,2014,3,1440148774,2014-09-30,10-Q,WeightedAverageNumberOfSharesOutstandingBasic
AIG,5272,2014-12-31,2014,4,1375926971,2014-12-31,10-K,CommonStockSharesOutstanding
AIG,5272,2015-03-31,2015,1,1365951690,2015-03-31,10-Q,WeightedAverageNumberOfSharesOutstandingBasic
AIG,5272,2015-06-30,2015,2,1347452833,2015-06-30,10-Q/A,WeightedAverageNumberOfSharesOutstandingBasic
AIG,5272,2015-09-30,2015,3,1324407969,2015-09-30,10-Q,WeightedAverageNumberOfSharesOutstandingBasic
AIG,5272,2015-12-31,2015,4,1193916617,2015-12-31,10-K,CommonStockSharesOutstanding
AIG,5272,2016-03-31,2016,1,1130738359,2016-03-31,10-Q,CommonStockSharesOutstanding
AIG,5272,2016-06-30,2016,2,1082689362,2016-06-30,10-Q,CommonStockSharesOutstanding
AIG,5272,2016-09-30,2016,3,1042888556,2016-09-30,10-Q,CommonStockSharesOutstanding
AIG,5272,2016-12-31,2016,4,995335841,2016-12-31,10-K,CommonStockSharesOutstanding
AIG,5272,2017-03-31,2017,1,942480026,2017-03-31,10-Q,CommonStockSharesOutstanding
AIG,5272,2017-06-30,2017,2,903392620,2017-06-30,10-Q,CommonStockSharesOutstanding
AIG,5272,2017-09-30,2017,3,898880087,2017-09-30,10-Q,CommonStockSharesOutstanding
AIG,5272,2017-12-31,2017,4,899044657,2017-12-31,10-K,CommonStockSharesOutstanding
AIG,5272,2018-03-31,2018,1,897681508,2018-03-31,10-Q,CommonStockSharesOutstanding
AIG,5272,2018-06-30,2018,2,891214033,2018-06-30,10-Q,CommonStockSharesOutstanding
AIG,5272,2018-09-30,2018,3,884647527,2018-09-30,10-Q,CommonStockSharesOutstanding
AIG,5272,2018-12-31,2018,4,866609429,2018-12-31,10-K,CommonStockSharesOutstanding
AIG,5272,2019-03-31,2019,1,869736901,2019-03-31,10-Q,CommonStockSharesOutstanding
AIG,5272,2019-06-30,2019,2,869901511,2019-06-30,10-Q,CommonStockSharesOutstanding
AIG,5272,2019-09-30,2019,3,869949246,2019-09-30,10-Q,CommonStockSharesOutstanding
AIG,5272,2019-12-31,2019,4,869999031,2019-12-31,10-K,CommonStockSharesOutstanding
AIG,5272,2020-03-31,2020,1,861290608,2020-03-31,10-Q,CommonStockSharesOutstanding
AIG,5272,2020-06-30,2020,2,861433842,2020-06-30,10-Q,CommonStockSharesOutstanding
AIG,5272,2020-09-30,2020,3,861448575,2020-09-30,10-Q,CommonStockSharesOutstanding
AIG,5272,2020-12-31,2020,4,861558049,2020-12-31,10-K,CommonStockSharesOutstanding
AIG,5272,2021-03-31,2021,1,859383453,2021-03-31,10-Q,CommonStockSharesOutstanding
AIG,5272,2021-06-30,2021,2,854927930,2021-06-30,10-Q,CommonStockSharesOutstanding
AIG,5272,2021-09-30,2021,3,835796051,2021-09-30,10-Q,CommonStockSharesOutstanding
AIG,5272,2021-12-31,2021,4,818687363,2021-12-31,10-K,CommonStockSharesOutstanding
AIG,5272,2022-03-31,2022,1,800224090,2022-03-31,10-Q,CommonStockSharesOutstanding
AIG,5272,2022-06-30,2022,2,771271516,2022-06-30,10-Q,CommonStockSharesOutstanding
AIG,5272,2022-09-30,2022,3,747215910,2022-09-30,10-Q,CommonStockSharesOutstanding
AIG,5272,2022-12-31,2022,4,734100000,2022-12-31,10-K,CommonStockSharesOutstanding
AIG,5272,2023-03-31,2023,1,727600000,2023-03-31,10-Q,CommonStockSharesOutstanding
AIG,5272,2023-06-30,2023,2,717500000,2023-06-30,10-Q,CommonStockSharesOutstanding
AIG,5272,2023-09-30,2023,3,704600000,2023-09-30,10-Q,CommonStockSharesOutstanding
AIG,5272,2023-12-31,2023,4,688800000,2023-12-31,10-K,CommonStockSharesOutstanding
AIG,5272,2024-03-31,2024,1,671000000,2024-03-31,10-Q,CommonStockSharesOutstanding
AIG,5272,2024-06-30,2024,2,649800000,2024-06-30,10-Q,CommonStockSharesOutstanding
AIG,5272,2024-09-30,2024,3,630300000,2024-09-30,10-Q,CommonStockSharesOutstanding
AIG,5272,2024-12-31,2024,4,606100000,2024-12-31,10-K,CommonStockSharesOutstanding
AIG,5272,2025-03-31,2025,1,580400000,2025-03-31,10-Q,CommonStockSharesOutstanding
AIG,5272,2025-06-30,2025,2,559800000,2025-06-30,10-Q,CommonStockSharesOutstanding
AIG,5272,2025-09-30,2025,3,544500000,2025-09-30,10-Q,CommonStockSharesOutstanding
AIG,5272,2025-12-31,2025,4,538200000,2025-12-31,10-K,CommonStockSharesOutstanding
AIZ,1267238,2013-09-30,2013,3,73319550,2013-09-30,10-Q,CommonStockSharesOutstanding
AIZ,1267238,2013-12-31,2013,4,71828208,2013-12-31,10-K,CommonStockSharesOutstanding
AIZ,1267238,2014-03-31,2014,1,71869920,2014-03-31,10-Q,CommonStockSharesOutstanding
AIZ,1267238,2014-06-30,2014,2,71300394,2014-06-30,10-Q,CommonStockSharesOutstanding
AIZ,1267238,2014-09-30,2014,3,70809613,2014-09-30,10-Q,CommonStockSharesOutstanding
AIZ,1267238,2014-12-31,2014,4,69299559,2014-12-31,10-K,CommonStockSharesOutstanding
AIZ,1267238,2015-03-31,2015,1,68270067,2015-03-31,10-Q,CommonStockSharesOutstanding
AIZ,1267238,2015-06-30,2015,2,66998201,2015-06-30,10-Q,CommonStockSharesOutstanding
AIZ,1267238,2015-09-30,2015,3,66746690,2015-09-30,10-Q,CommonStockSharesOutstanding
AIZ,1267238,2015-12-31,2015,4,65850386,2015-12-31,10-K,CommonStockSharesOutstanding
AIZ,1267238,2016-03-31,2016,1,62643447,2016-03-31,10-Q,CommonStockSharesOutstanding
AIZ,1267238,2016-06-30,2016,2,60612310,2016-06-30,10-Q,CommonStockSharesOutstanding
AIZ,1267238,2016-09-30,2016,3,58010506,2016-09-30,10-Q,CommonStockSharesOutstanding
AIZ,1267238,2016-12-31,2016,4,55941480,2016-12-31,10-K,CommonStockSharesOutstanding
AIZ,1267238,2017-03-31,2017,1,55029813,2017-03-31,10-Q,CommonStockSharesOutstanding
AIZ,1267238,2017-06-30,2017,2,54064643,2017-06-30,10-Q,CommonStockSharesOutstanding
AIZ,1267238,2017-09-30,2017,3,53796348,2017-09-30,10-Q,CommonStockSharesOutstanding
AIZ,1267238,2017-12-31,2017,4,52417812,2017-12-31,10-K,CommonStockSharesOutstanding
AIZ,1267238,2018-03-31,2018,1,52570192,2018-03-31,10-Q,CommonStockSharesOutstanding
AIZ,1267238,2018-06-30,2018,2,63094312,2018-06-30,10-Q,CommonStockSharesOutstanding
AIZ,1267238,2018-09-30,2018,3,62376266,2018-09-30,10-Q,CommonStockSharesOutstanding
AIZ,1267238,2018-12-31,2018,4,61908979,2018-12-31,10-K,CommonStockSharesOutstanding
AIZ,1267238,2019-03-31,2019,1,61678749,2019-03-31,10-Q,CommonStockSharesOutstanding
AIZ,1267238,2019-06-30,2019,2,61207965,2019-06-30,10-Q,CommonStockSharesOutstanding
AIZ,1267238,2019-09-30,2019,3,60758742,2019-09-30,10-Q,CommonStockSharesOutstanding
AIZ,1267238,2019-12-31,2019,4,59945893,2019-12-31,10-K,CommonStockSharesOutstanding
AIZ,1267238,2020-03-31,2020,1,59707563,2020-03-31,10-Q,CommonStockSharesOutstanding
AIZ,1267238,2020-06-30,2020,2,59571651,2020-06-30,10-Q,CommonStockSharesOutstanding
AIZ,1267238,2020-09-30,2020,3,59076751,2020-09-30,10-Q,CommonStockSharesOutstanding
AIZ,1267238,2020-12-31,2020,4,57967808,2020-12-31,10-K,CommonStockSharesOutstanding
AIZ,1267238,2021-03-31,2021,1,60651262,2021-03-31,10-Q,CommonStockSharesOutstanding
AIZ,1267238,2021-06-30,2021,2,59457886,2021-06-30,10-Q,CommonStockSharesOutstanding
AIZ,1267238,2021-09-30,2021,3,57554166,2021-09-30,10-Q,CommonStockSharesOutstanding
AIZ,1267238,2021-12-31,2021,4,55754113,2021-12-31,10-K,CommonStockSharesOutstanding
AIZ,1267238,2022-03-31,2022,1,54536071,2022-03-31,10-Q,CommonStockSharesOutstanding
AIZ,1267238,2022-06-30,2022,2,53261408,2022-06-30,10-Q,CommonStockSharesOutstanding
AIZ,1267238,2022-09-30,2022,3,52891708,2022-09-30,10-Q,CommonStockSharesOutstanding
AIZ,1267238,2022-12-31,2022,4,52830381,2022-12-31,10-K,CommonStockSharesOutstanding
AIZ,1267238,2023-03-31,2023,1,53133956,2023-03-31,10-Q,CommonStockSharesOutstanding
AIZ,1267238,2023-06-30,2023,2,53008641,2023-06-30,10-Q,CommonStockSharesOutstanding
AIZ,1267238,2023-09-30,2023,3,52737924,2023-09-30,10-Q,CommonStockSharesOutstanding
AIZ,1267238,2023-12-31,2023,4,51955994,2023-12-31,10-K,CommonStockSharesOutstanding
AIZ,1267238,2024-03-31,2024,1,52023052,2024-03-31,10-Q,CommonStockSharesOutstanding
AIZ,1267238,2024-06-30,2024,2,51843450,2024-06-30,10-Q,CommonStockSharesOutstanding
AIZ,1267238,2024-09-30,2024,3,51376203,2024-09-30,10-Q,CommonStockSharesOutstanding
AIZ,1267238,2024-12-31,2024,4,50833749,2024-12-31,10-K,CommonStockSharesOutstanding
AIZ,1267238,2025-03-31,2025,1,50818556,2025-03-31,10-Q,CommonStockSharesOutstanding
AIZ,1267238,2025-06-30,2025,2,50531216,2025-06-30,10-Q,CommonStockSharesOutstanding
AIZ,1267238,2025-09-30,2025,3,50197571,2025-09-30,10-Q,CommonStockSharesOutstanding
AIZ,1267238,2025-12-31,2025,4,49792919,2025-12-31,10-K,CommonStockSharesOutstanding
AKAM,1086222,2013-09-30,2013,3,178707441,2013-09-30,10-Q,CommonStockSharesOutstanding
AKAM,1086222,2013-12-31,2013,4,178580696,2013-12-31,10-K,CommonStockSharesOutstanding
AKAM,1086222,2014-03-31,2014,1,178517946,2014-03-31,10-Q,CommonStockSharesOutstanding
AKAM,1086222,2014-06-30,2014,2,178270354,2014-06-30,10-Q,CommonStockSharesOutstanding
AKAM,1086222,2014-09-30,2014,3,178194979,2014-09-30,10-Q,CommonStockSharesOutstanding
AKAM,1086222,2014-12-31,2014,4,178300603,2014-12-31,10-K,CommonStockSharesOutstanding
AKAM,1086222,2015-03-31,2015,1,178684242,2015-03-31,10-Q,CommonStockSharesOutstanding
AKAM,1086222,2015-06-30,2015,2,178789941,2015-06-30,10-Q,CommonStockSharesOutstanding
AKAM,1086222,2015-09-30,2015,3,178233604,2015-09-30,10-Q,CommonStockSharesOutstanding
AKAM,1086222,2015-12-31,2015,4,177212181,2015-12-31,10-K,CommonStockSharesOutstanding
AKAM,1086222,2016-03-31,2016,1,176050217,2016-03-31,10-Q,CommonStockSharesOutstanding
AKAM,1086222,2016-06-30,2016,2,175110207,2016-06-30,10-Q,CommonStockSharesOutstanding
AKAM,1086222,2016-09-30,2016,3,173670583,2016-09-30,10-Q,CommonStockSharesOutstanding
AKAM,1086222,2016-12-31,2016,4,173254797,2016-12-31,10-K,CommonStockSharesOutstanding
AKAM,1086222,2017-03-31,2017,1,173189385,2017-03-31,10-Q,CommonStockSharesOutstanding
AKAM,1086222,2017-06-30,2017,2,172027173,2017-06-30,10-Q,CommonStockSharesOutstanding
AKAM,1086222,2017-09-30,2017,3,169726509,2017-09-30,10-Q,CommonStockSharesOutstanding
AKAM,1086222,2017-12-31,2017,4,169893324,2017-12-31,10-K,CommonStockSharesOutstanding
AKAM,1086222,2018-03-31,2018,1,170841758,2018-03-31,10-Q,CommonStockSharesOutstanding
AKAM,1086222,2018-06-30,2018,2,169311093,2018-06-30,10-Q,CommonStockSharesOutstanding
AKAM,1086222,2018-09-30,2018,3,163886719,2018-09-30,10-Q,CommonStockSharesOutstanding
AKAM,1086222,2018-12-31,2018,4,162904550,2018-12-31,10-K,CommonStockSharesOutstanding
AKAM,1086222,2019-03-31,2019,1,163503258,2019-03-31,10-Q,CommonStockSharesOutstanding
AKAM,1086222,2019-06-30,2019,2,163359091,2019-06-30,10-Q,CommonStockSharesOutstanding
AKAM,1086222,2019-09-30,2019,3,161659502,2019-09-30,10-Q,CommonStockSharesOutstanding
AKAM,1086222,2019-12-31,2019,4,162000843,2019-12-31,10-K,CommonStockSharesOutstanding
AKAM,1086222,2020-03-31,2020,1,162176589,2020-03-31,10-Q,CommonStockSharesOutstanding
AKAM,1086222,2020-06-30,2020,2,162630477,2020-06-30,10-Q,CommonStockSharesOutstanding
AKAM,1086222,2020-09-30,2020,3,162799784,2020-09-30,10-Q,CommonStockSharesOutstanding
AKAM,1086222,2020-12-31,2020,4,162709720,2020-12-31,10-K,CommonStockSharesOutstanding
AKAM,1086222,2021-03-31,2021,1,163245941,2021-03-31,10-Q,CommonStockSharesOutstanding
AKAM,1086222,2021-06-30,2021,2,163018768,2021-06-30,10-Q,CommonStockSharesOutstanding
AKAM,1086222,2021-09-30,2021,3,162424440,2021-09-30,10-Q,CommonStockSharesOutstanding
AKAM,1086222,2021-12-31,2021,4,160512111,2021-12-31,10-K,CommonStockSharesOutstanding
AKAM,1086222,2022-03-31,2022,1,160535769,2022-03-31,10-Q,CommonStockSharesOutstanding
AKAM,1086222,2022-06-30,2022,2,159469828,2022-06-30,10-Q,CommonStockSharesOutstanding
AKAM,1086222,2022-09-30,2022,3,157876611,2022-09-30,10-Q,CommonStockSharesOutstanding
AKAM,1086222,2022-12-31,2022,4,156494816,2022-12-31,10-K,CommonStockSharesOutstanding
AKAM,1086222,2023-03-31,2023,1,152743828,2023-03-31,10-Q,CommonStockSharesOutstanding
AKAM,1086222,2023-06-30,2023,2,151790861,2023-06-30,10-Q,CommonStockSharesOutstanding
AKAM,1086222,2023-09-30,2023,3,150955849,2023-09-30,10-Q,CommonStockSharesOutstanding
AKAM,1086222,2023-12-31,2023,4,151232908,2023-12-31,10-K,CommonStockSharesOutstanding
AKAM,1086222,2024-03-31,2024,1,152411363,2024-03-31,10-Q,CommonStockSharesOutstanding
AKAM,1086222,2024-06-30,2024,2,151913207,2024-06-30,10-Q,CommonStockSharesOutstanding
AKAM,1086222,2024-09-30,2024,3,150624544,2024-09-30,10-Q,CommonStockSharesOutstanding
AKAM,1086222,2024-12-31,2024,4,150025096,2024-12-31,10-K,CommonStockSharesOutstanding
AKAM,1086222,2025-03-31,2025,1,146086802,2025-03-31,10-Q,CommonStockSharesOutstanding
AKAM,1086222,2025-06-30,2025,2,143199911,2025-06-30,10-Q,CommonStockSharesOutstanding
AKAM,1086222,2025-09-30,2025,3,143767463,2025-09-30,10-Q,CommonStockSharesOutstanding
AKAM,1086222,2025-12-31,2025,4,144711094,2025-12-31,10-K,CommonStockSharesOutstanding
ALL,899051,2013-09-30,2013,3,456000000,2013-09-30,10-Q,CommonStockSharesOutstanding
ALL,899051,2013-12-31,2013,4,449000000,2013-12-31,10-K,CommonStockSharesOutstanding
ALL,899051,2014-03-31,2014,1,434000000,2014-03-31,10-Q,CommonStockSharesOutstanding
ALL,899051,2014-06-30,2014,2,434000000,2014-06-30,10-Q,CommonStockSharesOutstanding
ALL,899051,2014-09-30,2014,3,419000000,2014-09-30,10-Q,CommonStockSharesOutstanding
ALL,899051,2014-12-31,2014,4,418000000,2014-12-31,10-K,CommonStockSharesOutstanding
ALL,899051,2015-03-31,2015,1,409000000,2015-03-31,10-Q,CommonStockSharesOutstanding
ALL,899051,2015-06-30,2015,2,402000000,2015-06-30,10-Q,CommonStockSharesOutstanding
ALL,899051,2015-09-30,2015,3,390000000,2015-09-30,10-Q,CommonStockSharesOutstanding
ALL,899051,2015-12-31,2015,4,381000000,2015-12-31,10-K,CommonStockSharesOutstanding
ALL,899051,2016-03-31,2016,1,375000000,2016-03-31,10-Q,CommonStockSharesOutstanding
ALL,899051,2016-06-30,2016,2,371000000,2016-06-30,10-Q,CommonStockSharesOutstanding
ALL,899051,2016-09-30,2016,3,368000000,2016-09-30,10-Q,CommonStockSharesOutstanding
ALL,899051,2016-12-31,2016,4,366000000,2016-12-31,10-K,CommonStockSharesOutstanding
ALL,899051,2017-03-31,2017,1,365000000,2017-03-31,10-Q,CommonStockSharesOutstanding
ALL,899051,2017-06-30,2017,2,361000000,2017-06-30,10-Q,CommonStockSharesOutstanding
ALL,899051,2017-09-30,2017,3,360000000,2017-09-30,10-Q,CommonStockSharesOutstanding
ALL,899051,2017-12-31,2017,4,355000000,2017-12-31,10-K,CommonStockSharesOutstanding
ALL,899051,2018-03-31,2018,1,352000000,2018-03-31,10-Q,CommonStockSharesOutstanding
ALL,899051,2018-06-30,2018,2,347000000,2018-06-30,10-Q,CommonStockSharesOutstanding
ALL,899051,2018-09-30,2018,3,345000000,2018-09-30,10-Q,CommonStockSharesOutstanding
ALL,899051,2018-12-31,2018,4,332000000,2018-12-31,10-K,CommonStockSharesOutstanding
ALL,899051,2019-03-31,2019,1,333000000,2019-03-31,10-Q,CommonStockSharesOutstanding
ALL,899051,2019-06-30,2019,2,330000000,2019-06-30,10-Q,CommonStockSharesOutstanding
ALL,899051,2019-09-30,2019,3,325000000,2019-09-30,10-Q,CommonStockSharesOutstanding
ALL,899051,2019-12-31,2019,4,319000000,2019-12-31,10-K,CommonStockSharesOutstanding
ALL,899051,2020-03-31,2020,1,315000000,2020-03-31,10-Q,CommonStockSharesOutstanding
ALL,899051,2020-06-30,2020,2,313000000,2020-06-30,10-Q,CommonStockSharesOutstanding
ALL,899051,2020-09-30,2020,3,304000000,2020-09-30,10-Q,CommonStockSharesOutstanding
ALL,899051,2020-12-31,2020,4,304000000,2020-12-31,10-K,CommonStockSharesOutstanding
ALL,899051,2021-03-31,2021,1,300000000,2021-03-31,10-Q,CommonStockSharesOutstanding
ALL,899051,2021-06-30,2021,2,297000000,2021-06-30,10-Q,CommonStockSharesOutstanding
ALL,899051,2021-09-30,2021,3,288000000,2021-09-30,10-Q,CommonStockSharesOutstanding
ALL,899051,2021-12-31,2021,4,281000000,2021-12-31,10-K,CommonStockSharesOutstanding
ALL,899051,2022-03-31,2022,1,276000000,2022-03-31,10-Q,CommonStockSharesOutstanding
ALL,899051,2022-06-30,2022,2,271000000,2022-06-30,10-Q,CommonStockSharesOutstanding
ALL,899051,2022-09-30,2022,3,266000000,2022-09-30,10-Q,CommonStockSharesOutstanding
ALL,899051,2022-12-31,2022,4,263000000,2022-12-31,10-K,CommonStockSharesOutstanding
ALL,899051,2023-03-31,2023,1,263000000,2023-03-31,10-Q,CommonStockSharesOutstanding
ALL,899051,2023-06-30,2023,2,262000000,2023-06-30,10-Q,CommonStockSharesOutstanding
ALL,899051,2023-09-30,2023,3,262000000,2023-09-30,10-Q,CommonStockSharesOutstanding
ALL,899051,2023-12-31,2023,4,262000000,2023-12-31,10-K,CommonStockSharesOutstanding
ALL,899051,2024-03-31,2024,1,264000000,2024-03-31,10-Q,CommonStockSharesOutstanding
ALL,899051,2024-06-30,2024,2,264000000,2024-06-30,10-Q,CommonStockSharesOutstanding
ALL,899051,2024-09-30,2024,3,265000000,2024-09-30,10-Q,CommonStockSharesOutstanding
ALL,899051,2024-12-31,2024,4,265000000,2024-12-31,10-K,CommonStockSharesOutstanding
ALL,899051,2025-03-31,2025,1,265000000,2025-03-31,10-Q,CommonStockSharesOutstanding
ALL,899051,2025-06-30,2025,2,264000000,2025-06-30,10-Q,CommonStockSharesOutstanding
ALL,899051,2025-09-30,2025,3,262000000,2025-09-30,10-Q,CommonStockSharesOutstanding
ALL,899051,2025-12-31,2025,4,260000000,2025-12-31,10-K,CommonStockSharesOutstanding
ALLE,1579241,2013-09-30,2013,3,96000000,2013-09-30,10-Q,WeightedAverageNumberOfSharesOutstandingBasic
ALLE,1579241,2013-12-31,2013,4,96000000,2013-12-31,10-K,WeightedAverageNumberOfSharesOutstandingBasic
ALLE,1579241,2014-03-31,2014,1,96300000,2014-03-31,10-Q,WeightedAverageNumberOfSharesOutstandingBasic
ALLE,1579241,2014-06-30,2014,2,96300000,2014-06-30,10-Q,WeightedAverageNumberOfSharesOutstandingBasic
ALLE,1579241,2014-09-30,2014,3,96200000,2014-09-30,10-Q,WeightedAverageNumberOfSharesOutstandingBasic
ALLE,1579241,2014-12-31,2014,4,96100000,2014-12-31,10-K,WeightedAverageNumberOfSharesOutstandingBasic
ALLE,1579241,2015-03-31,2015,1,95900000,2015-03-31,10-Q,WeightedAverageNumberOfSharesOutstandingBasic
ALLE,1579241,2015-06-30,2015,2,95800000,2015-06-30,10-Q,WeightedAverageNumberOfSharesOutstandingBasic
ALLE,1579241,2015-09-30,2015,3,95800000,2015-09-30,10-Q,WeightedAverageNumberOfSharesOutstandingBasic
ALLE,1579241,2015-12-31,2015,4,95900000,2015-12-31,10-K,WeightedAverageNumberOfSharesOutstandingBasic
ALLE,1579241,2016-03-31,2016,1,95900000,2016-03-31,10-Q,WeightedAverageNumberOfSharesOutstandingBasic
ALLE,1579241,2016-06-30,2016,2,95900000,2016-06-30,10-Q,WeightedAverageNumberOfSharesOutstandingBasic
ALLE,1579241,2016-09-30,2016,3,95900000,2016-09-30,10-Q,WeightedAverageNumberOfSharesOutstandingBasic
ALLE,1579241,2016-12-31,2016,4,95800000,2016-12-31,10-K,WeightedAverageNumberOfSharesOutstandingBasic
ALLE,1579241,2017-03-31,2017,1,95300000,2017-03-31,10-Q,WeightedAverageNumberOfSharesOutstandingBasic
ALLE,1579241,2017-06-30,2017,2,95300000,2017-06-30,10-Q,WeightedAverageNumberOfSharesOutstandingBasic
ALLE,1579241,2017-09-30,2017,3,95200000,2017-09-30,10-Q,WeightedAverageNumberOfSharesOutstandingBasic
ALLE,1579241,2017-12-31,2017,4,95100000,2017-12-31,10-K,WeightedAverageNumberOfSharesOutstandingBasic
ALLE,1579241,2018-03-31,2018,1,95100000,2018-03-31,10-Q,WeightedAverageNumberOfSharesOutstandingBasic
ALLE,1579241,2018-06-30,2018,2,95100000,2018-06-30,10-Q,WeightedAverageNumberOfSharesOutstandingBasic
ALLE,1579241,2018-09-30,2018,3,95100000,2018-09-30,10-Q,WeightedAverageNumberOfSharesOutstandingBasic
ALLE,1579241,2018-12-31,2018,4,95000000,2018-12-31,10-K,WeightedAverageNumberOfSharesOutstandingBasic
ALLE,1579241,2019-03-31,2019,1,94500000,2019-03-31,10-Q,WeightedAverageNumberOfSharesOutstandingBasic
ALLE,1579241,2019-06-30,2019,2,94100000,2019-06-30,10-Q,WeightedAverageNumberOfSharesOutstandingBasic
ALLE,1579241,2019-09-30,2019,3,93800000,2019-09-30,10-Q,WeightedAverageNumberOfSharesOutstandingBasic
ALLE,1579241,2019-12-31,2019,4,92723682,2019-12-31,10-Q,CommonStockSharesOutstanding
ALLE,1579241,2020-03-31,2020,1,92218314,2020-03-31,10-Q,CommonStockSharesOutstanding
ALLE,1579241,2020-06-30,2020,2,92233032,2020-06-30,10-Q,CommonStockSharesOutstanding
ALLE,1579241,2020-09-30,2020,3,92250392,2020-09-30,10-Q,CommonStockSharesOutstanding
ALLE,1579241,2020-12-31,2020,4,91212741,2020-12-31,10-K,CommonStockSharesOutstanding
ALLE,1579241,2021-03-31,2021,1,90048623,2021-03-31,10-Q,CommonStockSharesOutstanding
ALLE,1579241,2021-06-30,2021,2,89765421,2021-06-30,10-Q,CommonStockSharesOutstanding
ALLE,1579241,2021-09-30,2021,3,89695508,2021-09-30,10-Q,CommonStockSharesOutstanding
ALLE,1579241,2021-12-31,2021,4,88215625,2021-12-31,10-K,CommonStockSharesOutstanding
ALLE,1579241,2022-03-31,2022,1,87801145,2022-03-31,10-Q,CommonStockSharesOutstanding
ALLE,1579241,2022-06-30,2022,2,87836213,2022-06-30,10-Q,CommonStockSharesOutstanding
ALLE,1579241,2022-09-30,2022,3,87844572,2022-09-30,10-Q,CommonStockSharesOutstanding
ALLE,1579241,2022-12-31,2022,4,87852777,2022-12-31,10-K,CommonStockSharesOutstanding
ALLE,1579241,2023-03-31,2023,1,87946030,2023-03-31,10-Q,CommonStockSharesOutstanding
ALLE,1579241,2023-06-30,2023,2,87776523,2023-06-30,10-Q,CommonStockSharesOutstanding
ALLE,1579241,2023-09-30,2023,3,87787306,2023-09-30,10-Q,CommonStockSharesOutstanding
ALLE,1579241,2023-12-31,2023,4,87504673,2023-12-31,10-K,CommonStockSharesOutstanding
ALLE,1579241,2024-03-31,2024,1,87440045,2024-03-31,10-Q,CommonStockSharesOutstanding
ALLE,1579241,2024-06-30,2024,2,87127712,2024-06-30,10-Q,CommonStockSharesOutstanding
ALLE,1579241,2024-09-30,2024,3,86924345,2024-09-30,10-Q,CommonStockSharesOutstanding
ALLE,1579241,2024-12-31,2024,4,86254744,2024-12-31,10-K,CommonStockSharesOutstanding
ALLE,1579241,2025-03-31,2025,1,86058059,2025-03-31,10-Q,CommonStockSharesOutstanding
ALLE,1579241,2025-06-30,2025,2,85842514,2025-06-30,10-Q,CommonStockSharesOutstanding
ALLE,1579241,2025-09-30,2025,3,86031817,2025-09-30,10-Q,CommonStockSharesOutstanding
ALLE,1579241,2025-12-31,2025,4,86066997,2025-12-31,10-K,CommonStockSharesOutstanding
AMAT,6951,2013-09-30,2013,3,1204000000,2013-10-27,10-K,CommonStockSharesOutstanding
AMAT,6951,2013-12-31,2013,4,1206000000,2014-01-26,10-Q,WeightedAverageNumberOfSharesOutstandingBasic
AMAT,6951,2014-03-31,2014,1,1211000000,2014-04-27,10-Q,WeightedAverageNumberOfSharesOutstandingBasic
AMAT,6951,2014-06-30,2014,2,1218394316,2014-07-27,10-Q,EntityCommonStockSharesOutstanding
AMAT,6951,2014-09-30,2014,3,1221000000,2014-10-26,10-K,CommonStockSharesOutstanding
AMAT,6951,2014-12-31,2014,4,1221471983,2014-12-12,10-K,EntityCommonStockSharesOutstanding
AMAT,6951,2015-03-31,2015,1,1231598278,2015-04-26,10-Q,EntityCommonStockSharesOutstanding
AMAT,6951,2015-06-30,2015,2,1200619417,2015-07-26,10-Q,EntityCommonStockSharesOutstanding
AMAT,6951,2015-09-30,2015,3,1160000000,2015-10-25,10-K,CommonStockSharesOutstanding
AMAT,6951,2015-12-31,2015,4,1149133389,2015-12-03,10-K,EntityCommonStockSharesOutstanding
AMAT,6951,2016-03-31,2016,1,1089143904,2016-05-01,10-Q,EntityCommonStockSharesOutstanding
AMAT,6951,2016-06-30,2016,2,1080893856,2016-07-31,10-Q,EntityCommonStockSharesOutstanding
AMAT,6951,2016-09-30,2016,3,1078000000,2016-10-30,10-K,CommonStockSharesOutstanding
AMAT,6951,2016-12-31,2016,4,1076570134,2016-12-08,10-K,EntityCommonStockSharesOutstanding
AMAT,6951,2017-03-31,2017,1,1074631708,2017-04-30,10-Q,EntityCommonStockSharesOutstanding
AMAT,6951,2017-06-30,2017,2,1066487165,2017-07-30,10-Q,EntityCommonStockSharesOutstanding
AMAT,6951,2017-09-30,2017,3,1060000000,2017-10-29,10-K,CommonStockSharesOutstanding
AMAT,6951,2017-12-31,2017,4,1056340714,2017-12-08,10-K,EntityCommonStockSharesOutstanding
AMAT,6951,2018-03-31,2018,1,1008047762,2018-04-29,10-Q,EntityCommonStockSharesOutstanding
AMAT,6951,2018-06-30,2018,2,982990521,2018-07-29,10-Q,EntityCommonStockSharesOutstanding
AMAT,6951,2018-09-30,2018,3,967000000,2018-10-28,10-K,CommonStockSharesOutstanding
AMAT,6951,2018-12-31,2018,4,958606093,2018-12-07,10-K,EntityCommonStockSharesOutstanding
AMAT,6951,2019-03-31,2019,1,936104929,2019-04-28,10-Q,EntityCommonStockSharesOutstanding
AMAT,6951,2019-06-30,2019,2,923753756,2019-07-28,10-Q,EntityCommonStockSharesOutstanding
AMAT,6951,2019-09-30,2019,3,916000000,2019-10-27,10-K,CommonStockSharesOutstanding
AMAT,6951,2019-12-31,2019,4,915304098,2019-12-06,10-K,EntityCommonStockSharesOutstanding
AMAT,6951,2020-03-31,2020,1,916479293,2020-04-26,10-Q,EntityCommonStockSharesOutstanding
AMAT,6951,2020-06-30,2020,2,913282764,2020-07-26,10-Q,EntityCommonStockSharesOutstanding
AMAT,6951,2020-09-30,2020,3,914000000,2020-10-25,10-K,CommonStockSharesOutstanding
AMAT,6951,2020-12-31,2020,4,914344189,2020-12-04,10-K,EntityCommonStockSharesOutstanding
AMAT,6951,2021-03-31,2021,1,913980756,2021-05-02,10-Q,EntityCommonStockSharesOutstanding
AMAT,6951,2021-06-30,2021,2,902928500,2021-08-01,10-Q,EntityCommonStockSharesOutstanding
AMAT,6951,2021-09-30,2021,3,892000000,2021-10-31,10-K,CommonStockSharesOutstanding
AMAT,6951,2021-12-31,2021,4,888513248,2021-12-10,10-K,EntityCommonStockSharesOutstanding
AMAT,6951,2022-03-31,2022,1,869947277,2022-05-01,10-Q,EntityCommonStockSharesOutstanding
AMAT,6951,2022-06-30,2022,2,860309377,2022-07-31,10-Q,EntityCommonStockSharesOutstanding
AMAT,6951,2022-09-30,2022,3,844000000,2022-10-30,10-K,CommonStockSharesOutstanding
AMAT,6951,2022-12-31,2022,4,844139722,2022-12-09,10-K,EntityCommonStockSharesOutstanding
AMAT,6951,2023-03-31,2023,1,839747415,2023-04-30,10-Q,EntityCommonStockSharesOutstanding
AMAT,6951,2023-06-30,2023,2,836533852,2023-07-30,10-Q,EntityCommonStockSharesOutstanding
AMAT,6951,2023-09-30,2023,3,833000000,2023-10-29,10-K,CommonStockSharesOutstanding
AMAT,6951,2023-12-31,2023,4,831067105,2023-12-08,10-K,EntityCommonStockSharesOutstanding
AMAT,6951,2024-03-31,2024,1,827974828,2024-04-28,10-Q,EntityCommonStockSharesOutstanding
AMAT,6951,2024-06-30,2024,2,824404088,2024-07-28,10-Q,EntityCommonStockSharesOutstanding
AMAT,6951,2024-09-30,2024,3,818000000,2024-10-27,10-K,CommonStockSharesOutstanding
AMAT,6951,2024-12-31,2024,4,813684638,2024-12-06,10-K,EntityCommonStockSharesOutstanding
AMAT,6951,2025-03-31,2025,1,802498217,2025-04-27,10-Q,EntityCommonStockSharesOutstanding
AMAT,6951,2025-06-30,2025,2,796642427,2025-07-27,10-Q,EntityCommonStockSharesOutstanding
AMAT,6951,2025-09-30,2025,3,793000000,2025-10-26,10-K,CommonStockSharesOutstanding
AMAT,6951,2025-12-31,2025,4,793609867,2026-01-25,10-Q,EntityCommonStockSharesOutstanding
AME,1037868,2013-09-30,2013,3,243667000,2013-09-30,10-Q,WeightedAverageNumberOfSharesOutstandingBasic
AME,1037868,2013-12-31,2013,4,245000000,2013-12-31,10-K,CommonStockSharesOutstanding
AME,1037868,2014-03-31,2014,1,244911000,2014-03-31,10-Q,WeightedAverageNumberOfSharesOutstandingBasic
AME,1037868,2014-06-30,2014,2,245056000,2014-06-30,10-Q,WeightedAverageNumberOfSharesOutstandingBasic
AME,1037868,2014-09-30,2014,3,245184000,2014-09-30,10-Q,WeightedAverageNumberOfSharesOutstandingBasic
AME,1037868,2014-12-31,2014,4,241300000,2014-12-31,10-K,CommonStockSharesOutstanding
AME,1037868,2015-03-31,2015,1,240947000,2015-03-31,10-Q,WeightedAverageNumberOfSharesOutstandingBasic
AME,1037868,2015-06-30,2015,2,241222000,2015-06-30,10-Q,WeightedAverageNumberOfSharesOutstandingBasic
AME,1037868,2015-09-30,2015,3,240801000,2015-09-30,10-Q,WeightedAverageNumberOfSharesOutstandingBasic
AME,1037868,2015-12-31,2015,4,235500000,2015-12-31,10-K,CommonStockSharesOutstanding
AME,1037868,2016-03-31,2016,1,234983000,2016-03-31,10-Q,WeightedAverageNumberOfSharesOutstandingBasic
AME,1037868,2016-06-30,2016,2,234134000,2016-06-30,10-Q,WeightedAverageNumberOfSharesOutstandingBasic
AME,1037868,2016-09-30,2016,3,233387000,2016-09-30,10-Q,WeightedAverageNumberOfSharesOutstandingBasic
AME,1037868,2016-12-31,2016,4,229400000,2016-12-31,10-K,CommonStockSharesOutstanding
AME,1037868,2017-03-31,2017,1,229548000,2017-03-31,10-Q,WeightedAverageNumberOfSharesOutstandingBasic
AME,1037868,2017-06-30,2017,2,229853000,2017-06-30,10-Q,WeightedAverageNumberOfSharesOutstandingBasic
AME,1037868,2017-09-30,2017,3,230049000,2017-09-30,10-Q,WeightedAverageNumberOfSharesOutstandingBasic
AME,1037868,2017-12-31,2017,4,231200000,2017-12-31,10-K,CommonStockSharesOutstanding
AME,1037868,2018-03-31,2018,1,230928000,2018-03-31,10-Q,WeightedAverageNumberOfSharesOutstandingBasic
AME,1037868,2018-06-30,2018,2,231090000,2018-06-30,10-Q,WeightedAverageNumberOfSharesOutstandingBasic
AME,1037868,2018-09-30,2018,3,231227000,2018-09-30,10-Q,WeightedAverageNumberOfSharesOutstandingBasic
AME,1037868,2018-12-31,2018,4,227100000,2018-12-31,10-K,CommonStockSharesOutstanding
AME,1037868,2019-03-31,2019,1,226861000,2019-03-31,10-Q,WeightedAverageNumberOfSharesOutstandingBasic
AME,1037868,2019-06-30,2019,2,227219000,2019-06-30,10-Q,WeightedAverageNumberOfSharesOutstandingBasic
AME,1037868,2019-09-30,2019,3,227493000,2019-09-30,10-Q,WeightedAverageNumberOfSharesOutstandingBasic
AME,1037868,2019-12-31,2019,4,229100000,2019-12-31,10-K,CommonStockSharesOutstanding
AME,1037868,2020-03-31,2020,1,228962000,2020-03-31,10-Q,WeightedAverageNumberOfSharesOutstandingBasic
AME,1037868,2020-06-30,2020,2,229094000,2020-06-30,10-Q,WeightedAverageNumberOfSharesOutstandingBasic
AME,1037868,2020-09-30,2020,3,229254000,2020-09-30,10-Q,WeightedAverageNumberOfSharesOutstandingBasic
AME,1037868,2020-12-31,2020,4,230500000,2020-12-31,10-K,CommonStockSharesOutstanding
AME,1037868,2021-03-31,2021,1,230435000,2021-03-31,10-Q,WeightedAverageNumberOfSharesOutstandingBasic
AME,1037868,2021-06-30,2021,2,230632000,2021-06-30,10-Q,WeightedAverageNumberOfSharesOutstandingBasic
AME,1037868,2021-09-30,2021,3,230811000,2021-09-30,10-Q,WeightedAverageNumberOfSharesOutstandingBasic
AME,1037868,2021-12-31,2021,4,231700000,2021-12-31,10-K,CommonStockSharesOutstanding
AME,1037868,2022-03-31,2022,1,231481000,2022-03-31,10-Q,WeightedAverageNumberOfSharesOutstandingBasic
AME,1037868,2022-06-30,2022,2,230790000,2022-06-30,10-Q,WeightedAverageNumberOfSharesOutstandingBasic
AME,1037868,2022-09-30,2022,3,230360000,2022-09-30,10-Q,WeightedAverageNumberOfSharesOutstandingBasic
AME,1037868,2022-12-31,2022,4,230100000,2022-12-31,10-K,CommonStockSharesOutstanding
AME,1037868,2023-03-31,2023,1,230126000,2023-03-31,10-Q,WeightedAverageNumberOfSharesOutstandingBasic
AME,1037868,2023-06-30,2023,2,230302000,2023-06-30,10-Q,WeightedAverageNumberOfSharesOutstandingBasic
AME,1037868,2023-09-30,2023,3,230431000,2023-09-30,10-Q,WeightedAverageNumberOfSharesOutstandingBasic
AME,1037868,2023-12-31,2023,4,230900000,2023-12-31,10-K,CommonStockSharesOutstanding
AME,1037868,2024-03-31,2024,1,231097000,2024-03-31,10-Q,WeightedAverageNumberOfSharesOutstandingBasic
AME,1037868,2024-06-30,2024,2,231267000,2024-06-30,10-Q,WeightedAverageNumberOfSharesOutstandingBasic
AME,1037868,2024-09-30,2024,3,231292000,2024-09-30,10-Q,WeightedAverageNumberOfSharesOutstandingBasic
AME,1037868,2024-12-31,2024,4,230700000,2024-12-31,10-K,CommonStockSharesOutstanding
AME,1037868,2025-03-31,2025,1,230668000,2025-03-31,10-Q,WeightedAverageNumberOfSharesOutstandingBasic
AME,1037868,2025-06-30,2025,2,230743000,2025-06-30,10-Q,WeightedAverageNumberOfSharesOutstandingBasic
AME,1037868,2025-09-30,2025,3,230740000,2025-09-30,10-Q,WeightedAverageNumberOfSharesOutstandingBasic
AME,1037868,2025-12-31,2025,4,229000000,2025-12-31,10-K,CommonStockSharesOutstanding
